,mean_fit_time,std_fit_time,mean_score_time,std_score_time,param_base_estimator__reg_lambda,param_base_estimator__num_iterations,param_base_estimator__max_depth,param_base_estimator__learning_rate,param_base_estimator__feature_fraction,param_base_estimator__bagging_freq,param_base_estimator__bagging_fraction,params,split0_test_neg_log_loss,split1_test_neg_log_loss,split2_test_neg_log_loss,split3_test_neg_log_loss,split4_test_neg_log_loss,split5_test_neg_log_loss,split6_test_neg_log_loss,split7_test_neg_log_loss,split8_test_neg_log_loss,split9_test_neg_log_loss,mean_test_neg_log_loss,std_test_neg_log_loss,rank_test_neg_log_loss,split0_test_roc_auc,split1_test_roc_auc,split2_test_roc_auc,split3_test_roc_auc,split4_test_roc_auc,split5_test_roc_auc,split6_test_roc_auc,split7_test_roc_auc,split8_test_roc_auc,split9_test_roc_auc,mean_test_roc_auc,std_test_roc_auc,rank_test_roc_auc
56,0.47522873878479005,0.01350767562309892,0.05405557155609131,0.00344970763495855,1.151395399326447,100,2,0.20716983998953076,0.5,10,1.0,"{'base_estimator__reg_lambda': 1.151395399326447, 'base_estimator__num_iterations': 100, 'base_estimator__max_depth': 2, 'base_estimator__learning_rate': 0.20716983998953076, 'base_estimator__feature_fraction': 0.5, 'base_estimator__bagging_freq': 10, 'base_estimator__bagging_fraction': 1.0}",-0.5582471014391899,-0.5185742545319237,-0.4775619657331047,-0.4977730516481221,-0.5222212373898628,-0.4894764220263344,-0.44749666579263037,-0.5001298095030693,-0.48730075528312317,-0.5229076422415934,-0.5021688905588954,0.028716351618884074,1,0.7217261904761905,0.7715773809523809,0.7983630952380952,0.8005952380952381,0.7596726190476191,0.793154761904762,0.8422619047619048,0.7857142857142857,0.7925247902364607,0.7574370709382151,0.7823027337365152,0.0305557242126942,1
63,2.7783682584762572,0.03378815436798134,0.057944750785827635,0.003975401805261999,19.306977288832496,400,4,0.08286427728546843,0.5,1,1.0,"{'base_estimator__reg_lambda': 19.306977288832496, 'base_estimator__num_iterations': 400, 'base_estimator__max_depth': 4, 'base_estimator__learning_rate': 0.08286427728546843, 'base_estimator__feature_fraction': 0.5, 'base_estimator__bagging_freq': 1, 'base_estimator__bagging_fraction': 1.0}",-0.5623183156484511,-0.5240302731965225,-0.4731470691514712,-0.49765745043318876,-0.5089295974540373,-0.49941125265209063,-0.45384638318904524,-0.4975182694801381,-0.4734154900139849,-0.5378795818911827,-0.5028153683110113,0.030767400771280148,2,0.7194940476190476,0.7611607142857143,0.8035714285714286,0.7924107142857143,0.7723214285714286,0.7700892857142858,0.8363095238095237,0.7827380952380952,0.8131197559115179,0.7299771167048055,0.7781192110711561,0.03409516505695442,5
47,1.5594289541244506,0.040668983734823916,0.05884265899658203,0.0022300523567588813,2.023589647725158,200,16,0.08891593339164641,0.25,5,1.0,"{'base_estimator__reg_lambda': 2.023589647725158, 'base_estimator__num_iterations': 200, 'base_estimator__max_depth': 16, 'base_estimator__learning_rate': 0.08891593339164641, 'base_estimator__feature_fraction': 0.25, 'base_estimator__bagging_freq': 5, 'base_estimator__bagging_fraction': 1.0}",-0.5743466497342622,-0.5195531860344375,-0.47517255506448813,-0.5073661560831495,-0.5111933150886341,-0.4764065468387059,-0.47078179417725796,-0.5030564973763756,-0.4904440970970298,-0.5102490882172516,-0.5038569885711592,0.028588452619770423,3,0.7098214285714286,0.7648809523809524,0.8020833333333334,0.7894345238095238,0.7782738095238095,0.8050595238095237,0.8236607142857143,0.7760416666666667,0.7726926010678871,0.7688787185354692,0.7790827271984309,0.029072072970058083,4
27,0.7248604536056519,0.009039853373106659,0.05864415168762207,0.0016564173403242747,0.0071968567300115215,100,4,0.12648552168552957,0.25,0,1.0,"{'base_estimator__reg_lambda': 0.0071968567300115215, 'base_estimator__num_iterations': 100, 'base_estimator__max_depth': 4, 'base_estimator__learning_rate': 0.12648552168552957, 'base_estimator__feature_fraction': 0.25, 'base_estimator__bagging_freq': 0, 'base_estimator__bagging_fraction': 1.0}",-0.5719713258437829,-0.5222423096410047,-0.4794048715079978,-0.5183701120283839,-0.5152626055729489,-0.4739575854464945,-0.47353690583296554,-0.4950968375319236,-0.49737823854149515,-0.5171183042899271,-0.5064339096236925,0.02820932700295933,4,0.7061011904761905,0.7633928571428572,0.8013392857142857,0.7738095238095238,0.7671130952380952,0.8139880952380952,0.8206845238095238,0.7864583333333334,0.7665903890160183,0.7589626239511824,0.7758439917729106,0.03114223281399028,8
54,1.782232666015625,0.053890921939458464,0.05894217491149902,0.0016357731154572927,0.21209508879201905,400,2,0.14563484775012436,1.0,1,1.0,"{'base_estimator__reg_lambda': 0.21209508879201905, 'base_estimator__num_iterations': 400, 'base_estimator__max_depth': 2, 'base_estimator__learning_rate': 0.14563484775012436, 'base_estimator__feature_fraction': 1.0, 'base_estimator__bagging_freq': 1, 'base_estimator__bagging_fraction': 1.0}",-0.5656426230452472,-0.5317282085585264,-0.48249481426633556,-0.4945439259038652,-0.5161460549787124,-0.5016190121999852,-0.4491956859649603,-0.5052235586746943,-0.4895704214568887,-0.5376208375548559,-0.507378514260407,0.03082724838903084,5,0.7269345238095238,0.7380952380952381,0.8050595238095238,0.8058035714285714,0.7775297619047619,0.7730654761904762,0.8526785714285714,0.7842261904761905,0.7864225781845918,0.7414187643020594,0.7791234199629509,0.03569602264412798,2
18,1.4378538370132445,0.031992839779919686,0.058643460273742676,0.0019331848309211586,79.06043210907701,200,8,0.17992936232915524,1.0,0,1.0,"{'base_estimator__reg_lambda': 79.06043210907701, 'base_estimator__num_iterations': 200, 'base_estimator__max_depth': 8, 'base_estimator__learning_rate': 0.17992936232915524, 'base_estimator__feature_fraction': 1.0, 'base_estimator__bagging_freq': 0, 'base_estimator__bagging_fraction': 1.0}",-0.5485581114874449,-0.5139683319901135,-0.48491073916338606,-0.5071508543379725,-0.5272552808970491,-0.49964532647233373,-0.4719061640200139,-0.5124033820245126,-0.4801773976655645,-0.5282437214103572,-0.5074219309468748,0.022710573327393856,6,0.734375,0.7686011904761905,0.7886904761904763,0.7805059523809523,0.7559523809523809,0.7745535714285715,0.8139880952380952,0.775297619047619,0.8001525553012968,0.7444698703279939,0.7736586711343578,0.02310627512219668,10
15,1.5713963031768798,0.03676124982990996,0.059940242767333986,0.0012966382191150643,2.023589647725158,200,8,0.23853440064314188,0.25,1,1.0,"{'base_estimator__reg_lambda': 2.023589647725158, 'base_estimator__num_iterations': 200, 'base_estimator__max_depth': 8, 'base_estimator__learning_rate': 0.23853440064314188, 'base_estimator__feature_fraction': 0.25, 'base_estimator__bagging_freq': 1, 'base_estimator__bagging_fraction': 1.0}",-0.5722409845907768,-0.5259241987403729,-0.48388827824750036,-0.5011517256274994,-0.5070999874566959,-0.4732412813316187,-0.4765120200252949,-0.49521638659952993,-0.5004182669419606,-0.5387136499082091,-0.5074406779469459,0.029048286946377375,7,0.7083333333333334,0.7559523809523809,0.8028273809523809,0.7894345238095238,0.7797619047619048,0.8177083333333333,0.8355654761904762,0.7946428571428572,0.7589626239511823,0.7246376811594203,0.7767826495586794,0.03801638233068935,6
29,2.9493106603622437,0.1153104173450464,0.06133606433868408,0.000804378879435237,1.5264179671752334,400,4,0.025001103826179306,0.25,1,1.0,"{'base_estimator__reg_lambda': 1.5264179671752334, 'base_estimator__num_iterations': 400, 'base_estimator__max_depth': 4, 'base_estimator__learning_rate': 0.025001103826179306, 'base_estimator__feature_fraction': 0.25, 'base_estimator__bagging_freq': 1, 'base_estimator__bagging_fraction': 1.0}",-0.5653476690927094,-0.5196597496353086,-0.49143020934799464,-0.5237514584520769,-0.5211836887501127,-0.46613712922822864,-0.47479531061295555,-0.5075382285728036,-0.49493106744444954,-0.5126643692222626,-0.5077438880358902,0.02677376131775331,8,0.7113095238095237,0.7686011904761905,0.7827380952380952,0.7715773809523809,0.765625,0.8184523809523809,0.8162202380952381,0.7663690476190477,0.7749809305873379,0.7627765064836003,0.7738650294213796,0.028381592517081257,9
51,1.756003212928772,0.014657923936699376,0.05934085845947266,0.0019574794550086135,0.3727593720314938,400,2,0.16768329368110083,1.0,1,1.0,"{'base_estimator__reg_lambda': 0.3727593720314938, 'base_estimator__num_iterations': 400, 'base_estimator__max_depth': 2, 'base_estimator__learning_rate': 0.16768329368110083, 'base_estimator__feature_fraction': 1.0, 'base_estimator__bagging_freq': 1, 'base_estimator__bagging_fraction': 1.0}",-0.5674342259339122,-0.5345687130507545,-0.4817588527055965,-0.4970293326543298,-0.515920281458904,-0.5010668896628513,-0.45159103597039973,-0.504395189589604,-0.48873037546762577,-0.5364906120191846,-0.5078985508513162,0.030880369688111354,9,0.728422619047619,0.7395833333333334,0.8080357142857142,0.8020833333333333,0.7730654761904762,0.7730654761904763,0.8571428571428572,0.7827380952380952,0.7879481311975591,0.7391304347826086,0.7791215470742073,0.03653474815400063,3
43,0.8829377889633179,0.01216662706350075,0.05944151878356933,0.003629359480008762,0.022229964825261943,200,2,0.06250551925273973,0.5,1,1.0,"{'base_estimator__reg_lambda': 0.022229964825261943, 'base_estimator__num_iterations': 200, 'base_estimator__max_depth': 2, 'base_estimator__learning_rate': 0.06250551925273973, 'base_estimator__feature_fraction': 0.5, 'base_estimator__bagging_freq': 1, 'base_estimator__bagging_fraction': 1.0}",-0.5454962317680074,-0.528159161179126,-0.49393207035503395,-0.4940185644189247,-0.5369493099245134,-0.4885520315231421,-0.46649458024427426,-0.5087726405877613,-0.4967096430788665,-0.5220198471981867,-0.5081104080277836,0.02338639690664194,10,0.7336309523809524,0.7626488095238095,0.7827380952380952,0.7976190476190477,0.7418154761904763,0.7924107142857143,0.8214285714285716,0.771577380952381,0.7726926010678872,0.7528604118993135,0.7729422060586248,0.025417045246621087,11
32,3.6722774267196656,0.055356238302624046,0.062134170532226564,0.0014831282809363896,33.9322177189533,400,16,0.20716983998953076,1.0,0,1.0,"{'base_estimator__reg_lambda': 33.9322177189533, 'base_estimator__num_iterations': 400, 'base_estimator__max_depth': 16, 'base_estimator__learning_rate': 0.20716983998953076, 'base_estimator__feature_fraction': 1.0, 'base_estimator__bagging_freq': 0, 'base_estimator__bagging_fraction': 1.0}",-0.5638497340550451,-0.536193289056931,-0.46675691080235576,-0.5017251625052462,-0.503272569881311,-0.5114467845599349,-0.47948565155601575,-0.4979273196560639,-0.4810085360722778,-0.5456013029911391,-0.508726726113632,0.02956398486840656,11,0.7113095238095238,0.75,0.8273809523809523,0.7886904761904762,0.7916666666666667,0.7626488095238095,0.818452380952381,0.7961309523809523,0.8085430968726164,0.7070938215102975,0.7761916680287675,0.040124573529090914,7
20,0.4582740545272827,0.005467253392928386,0.05794534683227539,0.0019153122508142795,0.0017575106248547913,50,4,0.06707035611184306,0.25,1,1.0,"{'base_estimator__reg_lambda': 0.0017575106248547913, 'base_estimator__num_iterations': 50, 'base_estimator__max_depth': 4, 'base_estimator__learning_rate': 0.06707035611184306, 'base_estimator__feature_fraction': 0.25, 'base_estimator__bagging_freq': 1, 'base_estimator__bagging_fraction': 1.0}",-0.57492897928061,-0.5257939038652306,-0.48881673191197966,-0.522581905203688,-0.527144868775601,-0.47661195257911537,-0.4782000495909423,-0.5036740855655364,-0.5049128890988728,-0.5059272222542031,-0.5108592588125779,0.02750872619615304,12,0.6875,0.7671130952380952,0.7916666666666666,0.7819940476190477,0.7522321428571429,0.8147321428571429,0.8147321428571429,0.7760416666666667,0.7612509534706331,0.7696414950419528,0.771690435327449,0.034394930090924154,12
42,0.3866655588150024,0.006925516585270968,0.05794517993927002,0.0016956378090365197,0.0071968567300115215,100,1,0.27464741148160515,0.25,5,1.0,"{'base_estimator__reg_lambda': 0.0071968567300115215, 'base_estimator__num_iterations': 100, 'base_estimator__max_depth': 1, 'base_estimator__learning_rate': 0.27464741148160515, 'base_estimator__feature_fraction': 0.25, 'base_estimator__bagging_freq': 5, 'base_estimator__bagging_fraction': 1.0}",-0.5641434184014148,-0.5318490882129716,-0.5074913762963513,-0.4982360911750849,-0.5327365663685557,-0.48225266028326796,-0.46913493748444146,-0.5046403111052217,-0.5012350420165481,-0.5170658752566705,-0.5108785366600528,0.02580339877159021,13,0.7157738095238095,0.7507440476190477,0.7566964285714285,0.7894345238095238,0.7440476190476191,0.8147321428571429,0.8221726190476191,0.78125,0.7681159420289855,0.7589626239511823,0.7701929756456358,0.030844762071664696,14
31,4.628921532630921,0.1281035653781685,0.0646237850189209,0.003273579277357532,0.001,400,16,0.011513953993264475,0.25,0,1.0,"{'base_estimator__reg_lambda': 0.001, 'base_estimator__num_iterations': 400, 'base_estimator__max_depth': 16, 'base_estimator__learning_rate': 0.011513953993264475, 'base_estimator__feature_fraction': 0.25, 'base_estimator__bagging_freq': 0, 'base_estimator__bagging_fraction': 1.0}",-0.567437856231184,-0.5225022504061887,-0.4917317602187861,-0.5328840917197768,-0.5343625583052088,-0.46889112913906994,-0.48386820066564323,-0.5097421733213907,-0.5056058087982673,-0.512310850848146,-0.5129336679653662,0.026866000120093266,14,0.7075892857142857,0.7611607142857142,0.7864583333333334,0.753720238095238,0.7485119047619048,0.8273809523809523,0.8087797619047619,0.7626488095238095,0.7604881769641495,0.7627765064836003,0.767951468344775,0.031499283004403016,17
4,3.016829752922058,0.07340093194009129,0.06073768138885498,0.0011325865002728291,104.81131341546853,400,16,0.08286427728546843,1.0,1,1.0,"{'base_estimator__reg_lambda': 104.81131341546853, 'base_estimator__num_iterations': 400, 'base_estimator__max_depth': 16, 'base_estimator__learning_rate': 0.08286427728546843, 'base_estimator__feature_fraction': 1.0, 'base_estimator__bagging_freq': 1, 'base_estimator__bagging_fraction': 1.0}",-0.5547204721004789,-0.5130042127319361,-0.490032391483736,-0.5097205399584723,-0.5384972970324382,-0.5023354977106467,-0.4777953201915353,-0.5214878639988709,-0.4912790028272232,-0.5323956588807233,-0.5131268256916061,0.02280779087046965,15,0.7127976190476191,0.7641369047619049,0.7909226190476191,0.7775297619047619,0.7351190476190477,0.7797619047619048,0.8229166666666666,0.7611607142857142,0.7848970251716247,0.73302822273074,0.7662270485997603,0.030720849324042485,21
16,0.5505271673202514,0.011750765282584862,0.05704789161682129,0.0033319180575085415,59.636233165946365,100,16,0.028786155923545685,0.25,5,1.0,"{'base_estimator__reg_lambda': 59.636233165946365, 'base_estimator__num_iterations': 100, 'base_estimator__max_depth': 16, 'base_estimator__learning_rate': 0.028786155923545685, 'base_estimator__feature_fraction': 0.25, 'base_estimator__bagging_freq': 5, 'base_estimator__bagging_fraction': 1.0}",-0.5494144718447667,-0.5136521619359804,-0.49570478736868023,-0.5087421213827847,-0.5507364120639057,-0.4721827265744202,-0.5029343091928542,-0.5127254219572921,-0.5155011341086606,-0.5118589711995356,-0.513345251762888,0.022003496871731084,16,0.706845238095238,0.771577380952381,0.7961309523809523,0.7745535714285714,0.7247023809523809,0.8214285714285714,0.7998511904761905,0.7924107142857143,0.767353165522502,0.7536231884057971,0.77084763539283,0.033245602022473494,13
7,0.3353038549423218,0.005216812424974609,0.05754568576812744,0.0011838130148083559,0.016768329368110083,50,2,0.08286427728546843,1.0,1,1.0,"{'base_estimator__reg_lambda': 0.016768329368110083, 'base_estimator__num_iterations': 50, 'base_estimator__max_depth': 2, 'base_estimator__learning_rate': 0.08286427728546843, 'base_estimator__feature_fraction': 1.0, 'base_estimator__bagging_freq': 1, 'base_estimator__bagging_fraction': 1.0}",-0.5448395218672869,-0.5254953641351786,-0.5016671405684281,-0.5019226071552141,-0.5519245801962765,-0.48407215460705755,-0.4810518018037591,-0.5195034290002615,-0.5037541765563607,-0.5220646900360156,-0.5136295465925839,0.022359891143521608,17,0.7373511904761906,0.7589285714285715,0.7805059523809524,0.7886904761904762,0.7165178571428572,0.7961309523809524,0.8065476190476191,0.7619047619047619,0.77116704805492,0.7498093058733791,0.7667553734880681,0.02626101285717229,20
23,0.5488321304321289,0.014405123601241696,0.05754573345184326,0.002714783201586105,0.15998587196060574,50,16,0.04714866363457394,0.25,0,1.0,"{'base_estimator__reg_lambda': 0.15998587196060574, 'base_estimator__num_iterations': 50, 'base_estimator__max_depth': 16, 'base_estimator__learning_rate': 0.04714866363457394, 'base_estimator__feature_fraction': 0.25, 'base_estimator__bagging_freq': 0, 'base_estimator__bagging_fraction': 1.0}",-0.5764322750629579,-0.5327463104875413,-0.49156941252604325,-0.531801933315486,-0.5322488968100322,-0.4754539103554995,-0.4836296794850858,-0.4988402980026027,-0.5065914236545253,-0.5103171320944708,-0.5139631271794245,0.02847575517620013,18,0.6956845238095238,0.7574404761904763,0.7879464285714286,0.7581845238095238,0.7410714285714285,0.8221726190476191,0.8132440476190477,0.7819940476190477,0.7620137299771167,0.7673531655225019,0.7687104990737714,0.03430614928407289,16
19,0.688059663772583,0.09272808457635576,0.05824391841888428,0.0015580081420228488,2.6826957952797246,100,4,0.025001103826179306,0.25,1,1.0,"{'base_estimator__reg_lambda': 2.6826957952797246, 'base_estimator__num_iterations': 100, 'base_estimator__max_depth': 4, 'base_estimator__learning_rate': 0.025001103826179306, 'base_estimator__feature_fraction': 0.25, 'base_estimator__bagging_freq': 1, 'base_estimator__bagging_fraction': 1.0}",-0.5696645346313061,-0.5277355679602265,-0.5044066724073433,-0.5301537661223038,-0.5380805641922827,-0.47080840917630196,-0.48919903808948045,-0.5047998724048156,-0.5041298555624446,-0.5007717664843734,-0.5139750047030878,0.02656633048016339,19,0.703125,0.7477678571428571,0.765625,0.7410714285714286,0.7276785714285714,0.840029761904762,0.796875,0.7760416666666666,0.7795575896262394,0.7704042715484363,0.7648176146888961,0.036193251692290214,25
33,0.38447110652923583,0.0066642674595982455,0.05894496440887451,0.002109970398132831,184.20699693267164,50,4,0.31622776601683794,0.5,1,1.0,"{'base_estimator__reg_lambda': 184.20699693267164, 'base_estimator__num_iterations': 50, 'base_estimator__max_depth': 4, 'base_estimator__learning_rate': 0.31622776601683794, 'base_estimator__feature_fraction': 0.5, 'base_estimator__bagging_freq': 1, 'base_estimator__bagging_fraction': 1.0}",-0.5421616477545148,-0.5365686085337555,-0.5128631026492998,-0.507300282092901,-0.5250588279213007,-0.535797259814892,-0.45741321561041115,-0.49737008518700565,-0.49206208879371155,-0.5521647143362021,-0.5158759832693994,0.02706891193210461,20,0.7276785714285714,0.7299107142857143,0.7686011904761905,0.7805059523809523,0.7619047619047619,0.7395833333333334,0.8452380952380952,0.7879464285714286,0.8108314263920672,0.7093821510297483,0.7661582625040863,0.039595804245519034,22
3,4.119044446945191,0.08712781420546738,0.061336851119995116,0.0030005194606765825,10.985411419875572,400,8,0.12648552168552957,1.0,5,1.0,"{'base_estimator__reg_lambda': 10.985411419875572, 'base_estimator__num_iterations': 400, 'base_estimator__max_depth': 8, 'base_estimator__learning_rate': 0.12648552168552957, 'base_estimator__feature_fraction': 1.0, 'base_estimator__bagging_freq': 5, 'base_estimator__bagging_fraction': 1.0}",-0.5638697130166193,-0.5455901941517352,-0.4721498613643377,-0.5081781094762942,-0.5092038946227776,-0.5159132666602435,-0.49502341800268895,-0.5072359358168972,-0.49477547953946105,-0.5496803785957394,-0.5161620251246795,0.027016127920096934,21,0.7098214285714286,0.7410714285714285,0.8147321428571428,0.7879464285714286,0.7924107142857142,0.7648809523809523,0.8065476190476191,0.7857142857142857,0.7864225781845918,0.7078565980167811,0.7697404176201373,0.03608781409033047,15
1,1.8209296226501466,0.06354682995273259,0.066322660446167,0.02260422022377357,0.004094915062380427,400,2,0.020235896477251575,1.0,10,1.0,"{'base_estimator__reg_lambda': 0.004094915062380427, 'base_estimator__num_iterations': 400, 'base_estimator__max_depth': 2, 'base_estimator__learning_rate': 0.020235896477251575, 'base_estimator__feature_fraction': 1.0, 'base_estimator__bagging_freq': 10, 'base_estimator__bagging_fraction': 1.0}",-0.5403196926491688,-0.5299678825020229,-0.5063314804802127,-0.5056867304836438,-0.5595010686080507,-0.489425361769089,-0.4818171349925997,-0.5215604241257972,-0.505050830877736,-0.5236188855886302,-0.5163279492076951,0.022273729254287864,22,0.7403273809523809,0.7492559523809523,0.7775297619047619,0.7797619047619048,0.7023809523809523,0.7983630952380952,0.8013392857142858,0.7633928571428572,0.7704042715484363,0.7482837528604119,0.7631039214885039,0.028038505143540247,28
14,4.408607482910156,0.12916739543513034,0.06263272762298584,0.0008694741764519753,1.151395399326447,400,16,0.020235896477251575,0.5,10,1.0,"{'base_estimator__reg_lambda': 1.151395399326447, 'base_estimator__num_iterations': 400, 'base_estimator__max_depth': 16, 'base_estimator__learning_rate': 0.020235896477251575, 'base_estimator__feature_fraction': 0.5, 'base_estimator__bagging_freq': 10, 'base_estimator__bagging_fraction': 1.0}",-0.5640295679342378,-0.5373110649977346,-0.49169706978913685,-0.5206896770215368,-0.5322694938802576,-0.4929631441877417,-0.48084185851200123,-0.51558842766609,-0.49493369898837036,-0.5331558390231091,-0.5163479842000216,0.024783431475611118,23,0.7165178571428572,0.7447916666666666,0.7857142857142857,0.7648809523809523,0.7462797619047619,0.7805059523809523,0.8199404761904762,0.7641369047619048,0.7780320366132722,0.7315026697177727,0.7632302563473902,0.028387776659146817,27
0,0.43890867233276365,0.053138091313435803,0.05934145450592041,0.006543334241549732,25.595479226995334,50,16,0.025001103826179306,0.25,0,1.0,"{'base_estimator__reg_lambda': 25.595479226995334, 'base_estimator__num_iterations': 50, 'base_estimator__max_depth': 16, 'base_estimator__learning_rate': 0.025001103826179306, 'base_estimator__feature_fraction': 0.25, 'base_estimator__bagging_freq': 0, 'base_estimator__bagging_fraction': 1.0}",-0.5452129567021584,-0.5412924640791383,-0.5088305434779884,-0.5103708735838646,-0.5438931412724888,-0.4780645687967938,-0.5036256360546965,-0.5196320863720107,-0.5127670915723026,-0.5005446567496026,-0.5164234018661045,0.02051136659288841,24,0.7299107142857142,0.7395833333333334,0.7745535714285713,0.765625,0.7425595238095237,0.808779761904762,0.7931547619047619,0.7805059523809523,0.7765064836003052,0.7650648360030511,0.7676243938650975,0.023421833631530598,19
38,0.6384918451309204,0.012447139440980528,0.0580449104309082,0.002221523473626487,0.655128556859551,50,16,0.08891593339164641,0.5,1,1.0,"{'base_estimator__reg_lambda': 0.655128556859551, 'base_estimator__num_iterations': 50, 'base_estimator__max_depth': 16, 'base_estimator__learning_rate': 0.08891593339164641, 'base_estimator__feature_fraction': 0.5, 'base_estimator__bagging_freq': 1, 'base_estimator__bagging_fraction': 1.0}",-0.5699929068301854,-0.5471825589153886,-0.4847374975942458,-0.5159595412604894,-0.5351237899996293,-0.4924040484066272,-0.48736238501269885,-0.5159325138060185,-0.49736749639499667,-0.5206149225133335,-0.5166677660733614,0.026403685479995692,25,0.7083333333333334,0.7328869047619048,0.7864583333333333,0.7752976190476191,0.7380952380952381,0.7842261904761906,0.8132440476190477,0.7633928571428572,0.7726926010678872,0.7513348588863464,0.7625961983763758,0.02901822917921705,32
48,4.459870314598083,0.10791830900472422,0.06233279705047608,0.0018527711808072015,0.868511373751352,400,16,0.016378937069540637,0.5,0,1.0,"{'base_estimator__reg_lambda': 0.868511373751352, 'base_estimator__num_iterations': 400, 'base_estimator__max_depth': 16, 'base_estimator__learning_rate': 0.016378937069540637, 'base_estimator__feature_fraction': 0.5, 'base_estimator__bagging_freq': 0, 'base_estimator__bagging_fraction': 1.0}",-0.5631927374902427,-0.5371355431341052,-0.4937542202534722,-0.5231468424547089,-0.5361819975793312,-0.49208322428155055,-0.4820294806842865,-0.5153177068253724,-0.49489201869716626,-0.5303672637049814,-0.5168101035105218,0.024492870568158888,26,0.7120535714285714,0.7462797619047618,0.7849702380952381,0.7581845238095238,0.7366071428571429,0.7797619047619048,0.8154761904761905,0.7633928571428571,0.7795575896262394,0.7353165522501908,0.761160033235262,0.028494046147713285,36
9,0.6451742649078369,0.1568702479325159,0.05405590534210205,0.0066275954489565456,0.002329951810515372,50,16,0.014225293134853698,0.25,0,1.0,"{'base_estimator__reg_lambda': 0.002329951810515372, 'base_estimator__num_iterations': 50, 'base_estimator__max_depth': 16, 'base_estimator__learning_rate': 0.014225293134853698, 'base_estimator__feature_fraction': 0.25, 'base_estimator__bagging_freq': 0, 'base_estimator__bagging_fraction': 1.0}",-0.5760912786223198,-0.535735061889566,-0.49811220561652547,-0.540076240021427,-0.536209693214007,-0.4757702777891041,-0.48686950358195913,-0.5033868819774069,-0.5102293977043534,-0.506901519670324,-0.5169382060086993,0.028358229251004036,27,0.6934523809523809,0.7522321428571429,0.7782738095238094,0.7410714285714286,0.7336309523809523,0.8273809523809523,0.8072916666666666,0.7797619047619049,0.7520976353928299,0.7612509534706332,0.7626443826958702,0.03610787562418414,31
49,5.0655502557754515,0.13848208155076813,0.06313247680664062,0.0012648079905362463,0.49417133613238334,400,16,0.06250551925273973,0.5,0,1.0,"{'base_estimator__reg_lambda': 0.49417133613238334, 'base_estimator__num_iterations': 400, 'base_estimator__max_depth': 16, 'base_estimator__learning_rate': 0.06250551925273973, 'base_estimator__feature_fraction': 0.5, 'base_estimator__bagging_freq': 0, 'base_estimator__bagging_fraction': 1.0}",-0.5742633158805672,-0.550627098083287,-0.48027249287737844,-0.5129430849868963,-0.5044790914875219,-0.5052048718792771,-0.4883349247704499,-0.5059198766464581,-0.5057658354037213,-0.5469334251990403,-0.5174744017214599,0.028347058237502464,28,0.7083333333333334,0.7157738095238096,0.8035714285714286,0.7767857142857143,0.7872023809523809,0.7723214285714286,0.8229166666666666,0.7849702380952381,0.7597254004576659,0.7238749046529367,0.7655475305110603,0.036437321248749426,23
46,1.2081735372543334,0.019500521574099306,0.0578406810760498,0.0023212714333618275,14.563484775012444,200,4,0.015264179671752334,0.5,1,1.0,"{'base_estimator__reg_lambda': 14.563484775012444, 'base_estimator__num_iterations': 200, 'base_estimator__max_depth': 4, 'base_estimator__learning_rate': 0.015264179671752334, 'base_estimator__feature_fraction': 0.5, 'base_estimator__bagging_freq': 1, 'base_estimator__bagging_fraction': 1.0}",-0.5497897947758213,-0.5147509670661776,-0.5085100477486877,-0.5189093564817014,-0.5524805431665903,-0.49890746719489,-0.491346458195267,-0.5200377965926147,-0.49969714526625086,-0.5261090805992276,-0.5180538657087228,0.019444157543919083,29,0.7150297619047619,0.7671130952380952,0.7700892857142857,0.7656249999999999,0.7172619047619048,0.7760416666666666,0.8132440476190476,0.7693452380952381,0.7871853546910754,0.7337909992372235,0.7614726353928299,0.029354323984780828,34
52,0.3454757213592529,0.00884463295920548,0.056448960304260255,0.0010165699218077939,323.745754281764,50,4,0.13572287829716537,0.25,5,1.0,"{'base_estimator__reg_lambda': 323.745754281764, 'base_estimator__num_iterations': 50, 'base_estimator__max_depth': 4, 'base_estimator__learning_rate': 0.13572287829716537, 'base_estimator__feature_fraction': 0.25, 'base_estimator__bagging_freq': 5, 'base_estimator__bagging_fraction': 1.0}",-0.5313750530474051,-0.5311049387218398,-0.5207916457836028,-0.4973898387270744,-0.5505515085466085,-0.48948759698465133,-0.5170836007017934,-0.525585162862596,-0.5226058644860224,-0.49969610977571516,-0.5185671319637308,0.017513325820243446,30,0.7395833333333333,0.7552083333333333,0.7641369047619047,0.7946428571428572,0.7328869047619048,0.7886904761904762,0.7723214285714285,0.765625,0.7604881769641495,0.7704042715484364,0.7643987686607823,0.01820373310508024,26
34,0.6627293586730957,0.09894394368415338,0.05864109992980957,0.0032126720074074954,0.022229964825261943,200,1,0.08891593339164641,0.25,0,1.0,"{'base_estimator__reg_lambda': 0.022229964825261943, 'base_estimator__num_iterations': 200, 'base_estimator__max_depth': 1, 'base_estimator__learning_rate': 0.08891593339164641, 'base_estimator__feature_fraction': 0.25, 'base_estimator__bagging_freq': 0, 'base_estimator__bagging_fraction': 1.0}",-0.549197769464514,-0.5364716214714285,-0.5195768760246956,-0.49624036733299876,-0.5555932968987971,-0.4869005346390611,-0.4925502826770824,-0.5225004270622086,-0.5105259407150117,-0.5182804558134125,-0.5187837572099211,0.022110273422503338,31,0.7187499999999999,0.7440476190476191,0.7589285714285714,0.7998511904761905,0.7135416666666667,0.8080357142857143,0.8132440476190476,0.7574404761904762,0.7620137299771167,0.7536231884057971,0.7629476204097199,0.0328792135328306,29
22,0.3409875869750977,0.013151044369192375,0.05555150508880615,0.0041374591897485186,0.21209508879201905,50,2,0.040949150623804255,0.5,5,1.0,"{'base_estimator__reg_lambda': 0.21209508879201905, 'base_estimator__num_iterations': 50, 'base_estimator__max_depth': 2, 'base_estimator__learning_rate': 0.040949150623804255, 'base_estimator__feature_fraction': 0.5, 'base_estimator__bagging_freq': 5, 'base_estimator__bagging_fraction': 1.0}",-0.5412149734053577,-0.5342791503479442,-0.5171189795391785,-0.5153733625976392,-0.5478669529688232,-0.4842558619021279,-0.5022203840631191,-0.529346617951239,-0.5074710605087613,-0.5093199550170417,-0.5188467298301231,0.01843664051469098,32,0.730654761904762,0.753720238095238,0.771577380952381,0.7648809523809523,0.7247023809523809,0.7976190476190476,0.7842261904761905,0.7581845238095237,0.7711670480549199,0.753623188405797,0.7610355712651193,0.02112912534206678,38
60,1.2510533094406129,0.02407752826098223,0.05674855709075928,0.0016354836967394008,0.0017575106248547913,100,16,0.018858632787726495,0.5,1,1.0,"{'base_estimator__reg_lambda': 0.0017575106248547913, 'base_estimator__num_iterations': 100, 'base_estimator__max_depth': 16, 'base_estimator__learning_rate': 0.018858632787726495, 'base_estimator__feature_fraction': 0.5, 'base_estimator__bagging_freq': 1, 'base_estimator__bagging_fraction': 1.0}",-0.5637889759168188,-0.541765380152383,-0.49107762656758114,-0.529069745518316,-0.5449110829174341,-0.49528131467922404,-0.4964442144345904,-0.5163564883957725,-0.494205130131419,-0.5185248715370346,-0.5191424830250575,0.024020603202603866,33,0.7142857142857142,0.7447916666666666,0.7909226190476191,0.7581845238095238,0.7291666666666666,0.7790178571428572,0.7976190476190476,0.7611607142857143,0.7848970251716247,0.7536231884057971,0.761366902310123,0.025790208120768574,35
44,0.8490289688110352,0.10058376528724815,0.05774531364440918,0.00554277277367389,19.306977288832496,200,2,0.015264179671752334,0.25,10,1.0,"{'base_estimator__reg_lambda': 19.306977288832496, 'base_estimator__num_iterations': 200, 'base_estimator__max_depth': 2, 'base_estimator__learning_rate': 0.015264179671752334, 'base_estimator__feature_fraction': 0.25, 'base_estimator__bagging_freq': 10, 'base_estimator__bagging_fraction': 1.0}",-0.5437594856324227,-0.5191525241977886,-0.5136508556927997,-0.5185242118587938,-0.5514246294008748,-0.48190351355312255,-0.5032322727868683,-0.5216655230246431,-0.5100890717055686,-0.531081747213734,-0.5194483835066616,0.018837436199367206,34,0.7276785714285714,0.7537202380952381,0.7671130952380951,0.7663690476190476,0.7247023809523809,0.8147321428571429,0.8005952380952381,0.7708333333333333,0.7704042715484364,0.7322654462242564,0.762841376539174,0.02824686711552915,30
17,0.3859666109085083,0.014739851765551903,0.06313254833221435,0.01411178542084166,138.9495494373136,50,16,0.02682695795279726,0.25,5,1.0,"{'base_estimator__reg_lambda': 138.9495494373136, 'base_estimator__num_iterations': 50, 'base_estimator__max_depth': 16, 'base_estimator__learning_rate': 0.02682695795279726, 'base_estimator__feature_fraction': 0.25, 'base_estimator__bagging_freq': 5, 'base_estimator__bagging_fraction': 1.0}",-0.5374252226849388,-0.5323399545729369,-0.5211472477807201,-0.5029463171209744,-0.5515938227286304,-0.4825742968162185,-0.5148923073535207,-0.5275679382234058,-0.5230015871173737,-0.5018366297582965,-0.5195325324157016,0.01888651511677075,35,0.7284226190476191,0.7507440476190476,0.7596726190476191,0.78125,0.7299107142857143,0.8035714285714285,0.7723214285714286,0.7611607142857143,0.7597254004576659,0.7643020594965675,0.7611081031382805,0.021207962839445725,37
6,0.8455383777618408,0.0077227652693373705,0.059441328048706055,0.0009145605177823754,0.09102981779915217,200,2,0.01,0.25,0,1.0,"{'base_estimator__reg_lambda': 0.09102981779915217, 'base_estimator__num_iterations': 200, 'base_estimator__max_depth': 2, 'base_estimator__learning_rate': 0.01, 'base_estimator__feature_fraction': 0.25, 'base_estimator__bagging_freq': 0, 'base_estimator__bagging_fraction': 1.0}",-0.5436708214828594,-0.52709637499682,-0.5193235229138982,-0.5235009243628145,-0.5564385983917656,-0.47735693248638034,-0.5047520893835118,-0.5207517780640085,-0.5157751165766664,-0.5078926348922652,-0.5196558793550989,0.020410538376473032,36,0.7269345238095237,0.7537202380952381,0.7671130952380952,0.7514880952380952,0.7209821428571428,0.8080357142857143,0.7901785714285714,0.7775297619047619,0.7650648360030512,0.7566742944317314,0.7617721273291926,0.02511768311219712,33
59,1.9065999269485474,0.0233047860721516,0.059142112731933594,0.001096790648679364,0.016768329368110083,200,8,0.27464741148160515,0.25,1,1.0,"{'base_estimator__reg_lambda': 0.016768329368110083, 'base_estimator__num_iterations': 200, 'base_estimator__max_depth': 8, 'base_estimator__learning_rate': 0.27464741148160515, 'base_estimator__feature_fraction': 0.25, 'base_estimator__bagging_freq': 1, 'base_estimator__bagging_fraction': 1.0}",-0.6022836463207538,-0.5319736116864353,-0.48703676150929925,-0.517381921775087,-0.5098687360420376,-0.4913985308980312,-0.4882649999823864,-0.5122382771658524,-0.5105196685297934,-0.5482386635329025,-0.519920481744258,0.032988895005852156,37,0.6733630952380952,0.7581845238095238,0.790922619047619,0.7834821428571428,0.7745535714285715,0.7976190476190476,0.8273809523809523,0.78125,0.740655987795576,0.7231121281464531,0.7650524068322981,0.041370594389447575,24
36,0.38167724609375,0.00673546126337254,0.05824577808380127,0.0017398853224953788,244.205309454865,50,16,0.023299518105153717,0.5,1,1.0,"{'base_estimator__reg_lambda': 244.205309454865, 'base_estimator__num_iterations': 50, 'base_estimator__max_depth': 16, 'base_estimator__learning_rate': 0.023299518105153717, 'base_estimator__feature_fraction': 0.5, 'base_estimator__bagging_freq': 1, 'base_estimator__bagging_fraction': 1.0}",-0.5367227705445055,-0.5351002745794482,-0.49500156682253477,-0.5048374912726173,-0.5608858204703608,-0.5020011474156093,-0.5253211451497081,-0.5189906729432863,-0.5099227116519034,-0.5212265457454293,-0.5210010146595403,0.018656020120663756,38,0.7261904761904763,0.7328869047619047,0.7857142857142857,0.7797619047619048,0.6941964285714286,0.7857142857142857,0.7552083333333334,0.7827380952380952,0.7902364607170098,0.7444698703279939,0.7577117045330718,0.030926270827832444,46
8,0.8334697961807251,0.018807226175855618,0.05994062423706055,0.0011330592813895914,1000.0,200,4,0.31622776601683794,0.25,5,1.0,"{'base_estimator__reg_lambda': 1000.0, 'base_estimator__num_iterations': 200, 'base_estimator__max_depth': 4, 'base_estimator__learning_rate': 0.31622776601683794, 'base_estimator__feature_fraction': 0.25, 'base_estimator__bagging_freq': 5, 'base_estimator__bagging_fraction': 1.0}",-0.540655246225197,-0.5139604140255181,-0.5077370068077054,-0.5205685573217016,-0.5586730364989337,-0.4799435659244703,-0.5226708812698586,-0.5184571038133658,-0.5186260096154596,-0.5298081214188457,-0.5211099942921056,0.01951722847943091,39,0.7284226190476191,0.7619047619047619,0.7849702380952381,0.7663690476190476,0.7269345238095238,0.8191964285714286,0.7790178571428572,0.7998511904761905,0.7742181540808544,0.7360793287566743,0.7676964149504195,0.028972715087010582,18
5,0.3349043607711792,0.007553209946160076,0.05764639377593994,0.0018276768445700644,104.81131341546853,50,2,0.013257113655901088,0.5,5,1.0,"{'base_estimator__reg_lambda': 104.81131341546853, 'base_estimator__num_iterations': 50, 'base_estimator__max_depth': 2, 'base_estimator__learning_rate': 0.013257113655901088, 'base_estimator__feature_fraction': 0.5, 'base_estimator__bagging_freq': 5, 'base_estimator__bagging_fraction': 1.0}",-0.5364328129937272,-0.5278904428973172,-0.5090874394908077,-0.5055368542361945,-0.5619840179739156,-0.5009214010116093,-0.5221790730151324,-0.5270043487506072,-0.5140461386181858,-0.5143140148411314,-0.5219396543828628,0.01694455446686323,40,0.7321428571428572,0.7544642857142858,0.7723214285714286,0.7916666666666666,0.7090773809523809,0.7767857142857143,0.7570684523809523,0.7790178571428572,0.7864225781845919,0.7486651411136537,0.7607632362155389,0.02455038184188081,39
61,1.6296408414840697,0.01933388413961973,0.05954113006591797,0.000779149503132177,429.1934260128778,400,2,0.16768329368110083,1.0,5,1.0,"{'base_estimator__reg_lambda': 429.1934260128778, 'base_estimator__num_iterations': 400, 'base_estimator__max_depth': 2, 'base_estimator__learning_rate': 0.16768329368110083, 'base_estimator__feature_fraction': 1.0, 'base_estimator__bagging_freq': 5, 'base_estimator__bagging_fraction': 1.0}",-0.55535779825525,-0.5122511581267059,-0.5021835422122484,-0.5091015687597666,-0.5697647576047137,-0.5004235572466618,-0.5031184024543907,-0.5284100345558622,-0.5117863142249224,-0.5309199056972247,-0.5223317039137747,0.02257043683609898,41,0.7194940476190477,0.7596726190476191,0.7872023809523809,0.7745535714285714,0.6904761904761905,0.7991071428571428,0.7946428571428571,0.7552083333333334,0.7566742944317315,0.7345537757437072,0.7571585213032581,0.03279704604927965,47
21,1.227117395401001,0.03496115281874236,0.0589428186416626,0.0016958560734093608,0.868511373751352,100,16,0.17992936232915524,1.0,10,1.0,"{'base_estimator__reg_lambda': 0.868511373751352, 'base_estimator__num_iterations': 100, 'base_estimator__max_depth': 16, 'base_estimator__learning_rate': 0.17992936232915524, 'base_estimator__feature_fraction': 1.0, 'base_estimator__bagging_freq': 10, 'base_estimator__bagging_fraction': 1.0}",-0.565539067739482,-0.5568342747945704,-0.4810927670721009,-0.5170972895135655,-0.5117877913438793,-0.5166576666226734,-0.5061683262626109,-0.5158476123937961,-0.506871077800142,-0.5478948960972042,-0.5225790769640024,0.0247465462714795,42,0.7061011904761905,0.7046130952380951,0.8095238095238094,0.7767857142857143,0.7834821428571429,0.7566964285714286,0.7998511904761905,0.7723214285714286,0.7681159420289855,0.7139588100686499,0.7591449752097635,0.03631496580498335,43
57,3.070984625816345,0.06506057509149041,0.05984077453613281,0.0031214642399349066,0.005428675439323859,400,4,0.27464741148160515,0.25,10,1.0,"{'base_estimator__reg_lambda': 0.005428675439323859, 'base_estimator__num_iterations': 400, 'base_estimator__max_depth': 4, 'base_estimator__learning_rate': 0.27464741148160515, 'base_estimator__feature_fraction': 0.25, 'base_estimator__bagging_freq': 10, 'base_estimator__bagging_fraction': 1.0}",-0.6027089105328721,-0.5280577920195985,-0.48345245790577085,-0.5199750624925025,-0.5179759467747891,-0.49709796962643316,-0.489631043538356,-0.5205351190756604,-0.5195564688475877,-0.5554999676572809,-0.5234490738470851,0.0329151307516525,43,0.6770833333333334,0.75,0.7931547619047619,0.7760416666666666,0.7648809523809524,0.7961309523809524,0.8266369047619049,0.7678571428571428,0.7231121281464531,0.7131960335621663,0.7588093875994334,0.042071818226759865,44
35,6.08213062286377,0.1764681175493668,0.0635303020477295,0.0018948028668163014,0.0013257113655901094,400,8,0.05059197488435825,1.0,10,1.0,"{'base_estimator__reg_lambda': 0.0013257113655901094, 'base_estimator__num_iterations': 400, 'base_estimator__max_depth': 8, 'base_estimator__learning_rate': 0.05059197488435825, 'base_estimator__feature_fraction': 1.0, 'base_estimator__bagging_freq': 10, 'base_estimator__bagging_fraction': 1.0}",-0.5687980768840644,-0.5526951359770149,-0.48588281954346735,-0.5143949547737404,-0.5157222540220776,-0.5190670869447084,-0.5021913425438027,-0.5221567198004369,-0.5104585207515926,-0.5480384207230917,-0.5239405331963998,0.023892481580435138,44,0.7068452380952381,0.7135416666666666,0.8035714285714285,0.7790178571428571,0.7767857142857144,0.759672619047619,0.8095238095238095,0.7641369047619048,0.7620137299771167,0.7116704805491991,0.7586779448621555,0.03509681190841211,45
45,3.8280602216720583,0.13939596283123193,0.061635494232177734,0.0017724619448674704,1.151395399326447,400,16,0.31622776601683794,0.25,0,1.0,"{'base_estimator__reg_lambda': 1.151395399326447, 'base_estimator__num_iterations': 400, 'base_estimator__max_depth': 16, 'base_estimator__learning_rate': 0.31622776601683794, 'base_estimator__feature_fraction': 0.25, 'base_estimator__bagging_freq': 0, 'base_estimator__bagging_fraction': 1.0}",-0.6042322109226929,-0.527624549801312,-0.4985535579763483,-0.5205650655244094,-0.5109579318134553,-0.5077932856035291,-0.49410838284990727,-0.5196739414259552,-0.5094029917714092,-0.5566897098145367,-0.5249601627503555,0.031188319226880173,45,0.6778273809523809,0.7581845238095238,0.7834821428571428,0.7738095238095238,0.7790178571428572,0.7760416666666666,0.8236607142857142,0.7671130952380952,0.7589626239511823,0.7032799389778794,0.7601379467690966,0.039291343908353656,41
40,0.6007930994033813,0.01356658512807436,0.058444094657897946,0.0033732133674922835,104.81131341546853,100,4,0.028786155923545685,1.0,0,1.0,"{'base_estimator__reg_lambda': 104.81131341546853, 'base_estimator__num_iterations': 100, 'base_estimator__max_depth': 4, 'base_estimator__learning_rate': 0.028786155923545685, 'base_estimator__feature_fraction': 1.0, 'base_estimator__bagging_freq': 0, 'base_estimator__bagging_fraction': 1.0}",-0.5437438202243887,-0.5141708525487187,-0.5002097947402813,-0.5267151054687671,-0.5637549678334881,-0.49388157072303784,-0.5225584407145016,-0.5349330342303015,-0.514780416267036,-0.5372185752510634,-0.5251966578001583,0.019784777931167296,46,0.7425595238095238,0.7637648809523809,0.8035714285714286,0.7548363095238094,0.7068452380952381,0.7957589285714286,0.7607886904761905,0.7864583333333333,0.7570556826849733,0.7288329519450801,0.7600471967963387,0.028334262581073185,42
41,0.3898555040359497,0.017988074141759375,0.05874414443969726,0.002114434125891314,0.009540954763499945,100,1,0.10237739663395848,0.5,0,1.0,"{'base_estimator__reg_lambda': 0.009540954763499945, 'base_estimator__num_iterations': 100, 'base_estimator__max_depth': 1, 'base_estimator__learning_rate': 0.10237739663395848, 'base_estimator__feature_fraction': 0.5, 'base_estimator__bagging_freq': 0, 'base_estimator__bagging_fraction': 1.0}",-0.5472440585196152,-0.5414392107010587,-0.5286168797341726,-0.4970429827044359,-0.5769961263640642,-0.49558948474842346,-0.4999725549286544,-0.5306234131002958,-0.5209282217142027,-0.515048296100576,-0.52535012286155,0.02429132293151045,47,0.7157738095238094,0.7328869047619048,0.7429315476190477,0.7976190476190477,0.6755952380952381,0.7976190476190476,0.8061755952380952,0.7481398809523809,0.7505720823798627,0.7585812356979406,0.7525894389506375,0.03840773312157948,52
37,0.9503579616546631,0.020503911759728276,0.05884265899658203,0.0021386807967327098,44.98432668969444,200,4,0.011513953993264475,0.25,1,1.0,"{'base_estimator__reg_lambda': 44.98432668969444, 'base_estimator__num_iterations': 200, 'base_estimator__max_depth': 4, 'base_estimator__learning_rate': 0.011513953993264475, 'base_estimator__feature_fraction': 0.25, 'base_estimator__bagging_freq': 1, 'base_estimator__bagging_fraction': 1.0}",-0.5599748481715523,-0.5208353064819304,-0.4922291091724748,-0.5261318215046673,-0.565407278086066,-0.5011318287814341,-0.5053086232259996,-0.5171337981884515,-0.5103227703525992,-0.556161029324968,-0.5254636413290144,0.024803514545330137,48,0.703125,0.7611607142857142,0.7961309523809523,0.765625,0.7247023809523809,0.7931547619047619,0.7901785714285714,0.7886904761904762,0.7696414950419527,0.7093821510297483,0.7601791503214558,0.03362596182289525,40
30,0.2936148405075073,0.005970530071815343,0.057047677040100095,0.004156028675165088,0.0071968567300115215,50,1,0.07196856730011521,0.25,5,1.0,"{'base_estimator__reg_lambda': 0.0071968567300115215, 'base_estimator__num_iterations': 50, 'base_estimator__max_depth': 1, 'base_estimator__learning_rate': 0.07196856730011521, 'base_estimator__feature_fraction': 0.25, 'base_estimator__bagging_freq': 5, 'base_estimator__bagging_fraction': 1.0}",-0.5433828298757503,-0.5426931237492891,-0.541364392316608,-0.5045444685954215,-0.5622127287120493,-0.49111281284083264,-0.5106970968696531,-0.5392196049797484,-0.5174057269213334,-0.5060753435686914,-0.5258708128429378,0.021645619541235957,49,0.7247023809523809,0.7373511904761905,0.7373511904761905,0.7916666666666667,0.706845238095238,0.796875,0.8098958333333334,0.7366071428571428,0.7665903890160184,0.7604881769641495,0.7568373208837311,0.03231144885886738,48
26,4.852619791030884,0.12079501300920835,0.061734986305236814,0.0011331114913711207,2.023589647725158,400,8,0.011513953993264475,1.0,1,1.0,"{'base_estimator__reg_lambda': 2.023589647725158, 'base_estimator__num_iterations': 400, 'base_estimator__max_depth': 8, 'base_estimator__learning_rate': 0.011513953993264475, 'base_estimator__feature_fraction': 1.0, 'base_estimator__bagging_freq': 1, 'base_estimator__bagging_fraction': 1.0}",-0.5540218880217538,-0.5550748873393534,-0.4933829600502747,-0.5367801342165539,-0.5415827226181085,-0.5066335159381694,-0.49943932185832657,-0.5392116685669646,-0.502203622425662,-0.5318914718962935,-0.526022219293146,0.02215745860761794,50,0.7321428571428572,0.7239583333333334,0.7938988095238095,0.7433035714285714,0.7250744047619048,0.7827380952380952,0.8013392857142857,0.7217261904761905,0.7780320366132722,0.7307398932112892,0.7532953477443609,0.030241273038828155,50
58,0.32303571701049805,0.004099024113844423,0.056349682807922366,0.0009191855781841458,1000.0,50,2,0.038162134079493565,0.5,5,1.0,"{'base_estimator__reg_lambda': 1000.0, 'base_estimator__num_iterations': 50, 'base_estimator__max_depth': 2, 'base_estimator__learning_rate': 0.038162134079493565, 'base_estimator__feature_fraction': 0.5, 'base_estimator__bagging_freq': 5, 'base_estimator__bagging_fraction': 1.0}",-0.5426153450701412,-0.535659992081065,-0.5092753066528701,-0.5005715649154903,-0.5658067202350716,-0.5034662728758473,-0.534518631460982,-0.5254674716007515,-0.517399614150122,-0.5408976473326492,-0.5275678566374989,0.019318967643508038,51,0.7180059523809524,0.7313988095238095,0.7700892857142857,0.7924107142857143,0.6793154761904762,0.7819940476190476,0.7354910714285714,0.7827380952380952,0.7768878718535469,0.7292143401983219,0.7497545664432821,0.034682103834904186,54
12,0.38437154293060305,0.003710300448633107,0.05714762210845947,0.0037595901973046827,6.25055192527397,100,1,0.08891593339164641,0.5,0,1.0,"{'base_estimator__reg_lambda': 6.25055192527397, 'base_estimator__num_iterations': 100, 'base_estimator__max_depth': 1, 'base_estimator__learning_rate': 0.08891593339164641, 'base_estimator__feature_fraction': 0.5, 'base_estimator__bagging_freq': 0, 'base_estimator__bagging_fraction': 1.0}",-0.545022721256806,-0.5358573067654865,-0.5334600106006533,-0.4948703822513124,-0.5840152136347625,-0.498822526916738,-0.5110537736414517,-0.5342240461370011,-0.5262517152186825,-0.5150518617398554,-0.527862955816275,0.024422037183060692,52,0.7224702380952381,0.7403273809523809,0.7392113095238095,0.8050595238095238,0.6666666666666666,0.7968750000000001,0.8072916666666667,0.7533482142857143,0.7376048817696416,0.7540045766590389,0.752285945842868,0.040684235445790556,53
11,0.8880250215530395,0.04928679981276748,0.05774538516998291,0.0035809671664342327,6.25055192527397,100,8,0.014225293134853698,1.0,5,1.0,"{'base_estimator__reg_lambda': 6.25055192527397, 'base_estimator__num_iterations': 100, 'base_estimator__max_depth': 8, 'base_estimator__learning_rate': 0.014225293134853698, 'base_estimator__feature_fraction': 1.0, 'base_estimator__bagging_freq': 5, 'base_estimator__bagging_fraction': 1.0}",-0.542824774031307,-0.5296040179985342,-0.510352019820463,-0.5445857820656761,-0.5532652035421053,-0.515633937746661,-0.5122514629279571,-0.5455108662609944,-0.5077198645391818,-0.534302930149232,-0.5296050859082111,0.016062474428965266,53,0.7313988095238095,0.7611607142857144,0.7983630952380952,0.7250744047619048,0.7287946428571428,0.7626488095238095,0.7909226190476191,0.7239583333333334,0.7726926010678871,0.7398932112890924,0.7534907240928408,0.026246101787220078,49
10,1.30341317653656,0.06838895449218228,0.05804522037506103,0.0036455799674133486,0.868511373751352,400,1,0.023299518105153717,0.5,10,1.0,"{'base_estimator__reg_lambda': 0.868511373751352, 'base_estimator__num_iterations': 400, 'base_estimator__max_depth': 1, 'base_estimator__learning_rate': 0.023299518105153717, 'base_estimator__feature_fraction': 0.5, 'base_estimator__bagging_freq': 10, 'base_estimator__bagging_fraction': 1.0}",-0.5472975658213592,-0.5406461618787354,-0.5392114395178875,-0.5033752095857912,-0.5836791742210726,-0.4969883349755417,-0.5114639232131946,-0.5377729297212444,-0.5268211098353351,-0.5138866902129997,-0.5301142538983161,0.024189085422900637,54,0.7142857142857143,0.7403273809523809,0.7313988095238094,0.7946428571428572,0.6644345238095238,0.7938988095238095,0.8084077380952381,0.7406994047619048,0.7505720823798627,0.7528604118993135,0.7491527732374414,0.04056588613778537,55
25,0.49058709144592283,0.011163721985126109,0.05754649639129639,0.0018951455369586845,10.985411419875572,50,16,0.27464741148160515,0.5,1,1.0,"{'base_estimator__reg_lambda': 10.985411419875572, 'base_estimator__num_iterations': 50, 'base_estimator__max_depth': 16, 'base_estimator__learning_rate': 0.27464741148160515, 'base_estimator__feature_fraction': 0.5, 'base_estimator__bagging_freq': 1, 'base_estimator__bagging_fraction': 1.0}",-0.5608828718404968,-0.5592040073388438,-0.4818889904427673,-0.5363856368446168,-0.5282404957665772,-0.5659142098882042,-0.4788948780327509,-0.48694038012525065,-0.5172665004592247,-0.6012972005793253,-0.5316915171318057,0.0389071749389615,55,0.7038690476190477,0.6934523809523809,0.8221726190476192,0.7470238095238095,0.7514880952380952,0.6800595238095238,0.8482142857142857,0.7916666666666666,0.7696414950419527,0.5980167810831427,0.7405604704696523,0.0702944694029393,62
55,0.6113650798797607,0.014216282099992346,0.05714704990386963,0.0030261749204178105,0.868511373751352,200,1,0.021713743029375187,0.25,5,1.0,"{'base_estimator__reg_lambda': 0.868511373751352, 'base_estimator__num_iterations': 200, 'base_estimator__max_depth': 1, 'base_estimator__learning_rate': 0.021713743029375187, 'base_estimator__feature_fraction': 0.25, 'base_estimator__bagging_freq': 5, 'base_estimator__bagging_fraction': 1.0}",-0.5423096845293547,-0.5394804782126683,-0.546363074585441,-0.5165491754759808,-0.57176890866813,-0.48991360951026086,-0.5221513462473834,-0.5467737402066077,-0.5295471207019613,-0.5159288548405477,-0.5320785992978335,0.021306335503870365,56,0.7299107142857143,0.7492559523809523,0.744047619047619,0.7730654761904762,0.7053571428571428,0.8013392857142857,0.7994791666666666,0.7358630952380951,0.7520976353928299,0.7376048817696416,0.7528020969543424,0.028858011984267618,51
39,0.3520581007003784,0.006354947243254437,0.059142351150512695,0.0026024432146070785,4.714866363457395,100,1,0.07196856730011521,1.0,5,1.0,"{'base_estimator__reg_lambda': 4.714866363457395, 'base_estimator__num_iterations': 100, 'base_estimator__max_depth': 1, 'base_estimator__learning_rate': 0.07196856730011521, 'base_estimator__feature_fraction': 1.0, 'base_estimator__bagging_freq': 5, 'base_estimator__bagging_fraction': 1.0}",-0.5471061955102625,-0.5370637311359822,-0.5388196720350812,-0.5030208614877522,-0.5929853806491472,-0.4991055810088746,-0.517773629397396,-0.5410713486661763,-0.5303544965035488,-0.515575555724139,-0.5322876452118359,0.025490621816797135,57,0.7161458333333334,0.7406994047619047,0.7313988095238095,0.7938988095238095,0.6491815476190476,0.7886904761904762,0.8009672619047619,0.7459077380952381,0.7414187643020594,0.7452326468344775,0.7453541292088918,0.042026136186128486,59
28,0.4531872272491455,0.01302086703688356,0.05764691829681397,0.0028139267648407676,0.06866488450043001,100,2,0.011513953993264475,1.0,0,1.0,"{'base_estimator__reg_lambda': 0.06866488450043001, 'base_estimator__num_iterations': 100, 'base_estimator__max_depth': 2, 'base_estimator__learning_rate': 0.011513953993264475, 'base_estimator__feature_fraction': 1.0, 'base_estimator__bagging_freq': 0, 'base_estimator__bagging_fraction': 1.0}",-0.5440432901284538,-0.534071156751852,-0.537764115591083,-0.5290208194871455,-0.5678286881257069,-0.49835356705055284,-0.5261034280054774,-0.5548369094288462,-0.5177832485712294,-0.5284679825818819,-0.5338273205722228,0.01828852802320561,58,0.7228422619047619,0.7492559523809523,0.7671130952380952,0.7410714285714286,0.6915922619047619,0.7935267857142857,0.8028273809523809,0.7243303571428571,0.7589626239511823,0.7250190694126621,0.7476541217173368,0.032427959418288556,56
53,0.28374149799346926,0.002828790819533254,0.05664799213409424,0.0007465388837110415,0.005428675439323859,50,1,0.043939705607607904,0.5,5,1.0,"{'base_estimator__reg_lambda': 0.005428675439323859, 'base_estimator__num_iterations': 50, 'base_estimator__max_depth': 1, 'base_estimator__learning_rate': 0.043939705607607904, 'base_estimator__feature_fraction': 0.5, 'base_estimator__bagging_freq': 5, 'base_estimator__bagging_fraction': 1.0}",-0.5439343970422893,-0.5458157680810622,-0.5477647588983847,-0.5151461216594254,-0.5791087449711296,-0.4980807599816461,-0.5275935628596258,-0.5530424804066854,-0.5296285837533434,-0.5068644869944016,-0.5346979664647994,0.022940062954161497,59,0.7209821428571428,0.7213541666666666,0.7414434523809524,0.7838541666666666,0.6785714285714285,0.7979910714285714,0.7890625,0.7202380952380953,0.7471395881006865,0.7593440122044242,0.7459980624114634,0.03554449327048574,57
13,0.3214401721954346,0.006601827736815059,0.05755157470703125,0.0011854193225927078,0.3727593720314938,50,2,0.015264179671752334,1.0,0,1.0,"{'base_estimator__reg_lambda': 0.3727593720314938, 'base_estimator__num_iterations': 50, 'base_estimator__max_depth': 2, 'base_estimator__learning_rate': 0.015264179671752334, 'base_estimator__feature_fraction': 1.0, 'base_estimator__bagging_freq': 0, 'base_estimator__bagging_fraction': 1.0}",-0.5433610102442241,-0.5354431050108117,-0.5411861937151603,-0.5306069226793364,-0.5648469458021422,-0.5016540446914239,-0.5282633234377601,-0.5571215901968457,-0.5214377956847291,-0.5323864747594063,-0.535630740622184,0.016887856557976998,60,0.7332589285714286,0.7522321428571428,0.7585565476190477,0.7276785714285714,0.6986607142857142,0.7920386904761905,0.7972470238095238,0.7023809523809523,0.7490465293668955,0.7219679633867278,0.7433068064182194,0.031777745521434725,60
50,3.3885361909866334,0.11564169986211224,0.060737323760986325,0.0019160595159824544,0.004094915062380427,400,4,0.23853440064314188,1.0,0,1.0,"{'base_estimator__reg_lambda': 0.004094915062380427, 'base_estimator__num_iterations': 400, 'base_estimator__max_depth': 4, 'base_estimator__learning_rate': 0.23853440064314188, 'base_estimator__feature_fraction': 1.0, 'base_estimator__bagging_freq': 0, 'base_estimator__bagging_fraction': 1.0}",-0.5987286811355679,-0.5515034977917755,-0.508844421046356,-0.5161704565046545,-0.5321154390496231,-0.5405016512773222,-0.5159058327586683,-0.5285544733358958,-0.5191330892093509,-0.5516097162527649,-0.5363067258361979,0.02515484716805624,61,0.6800595238095237,0.7150297619047619,0.7686011904761905,0.7849702380952381,0.7470238095238095,0.7447916666666666,0.8080357142857142,0.7641369047619048,0.7452326468344775,0.7017543859649122,0.74596358423232,0.036708215243799296,58
62,0.5953075170516968,0.013523910123210055,0.05664851665496826,0.0011639352139666064,323.745754281764,200,1,0.017575106248547922,0.5,1,1.0,"{'base_estimator__reg_lambda': 323.745754281764, 'base_estimator__num_iterations': 200, 'base_estimator__max_depth': 1, 'base_estimator__learning_rate': 0.017575106248547922, 'base_estimator__feature_fraction': 0.5, 'base_estimator__bagging_freq': 1, 'base_estimator__bagging_fraction': 1.0}",-0.5543921727271404,-0.5115758340075625,-0.5099804974788261,-0.5290519320408824,-0.6022544024987094,-0.5013892462352393,-0.5402028939083051,-0.549511078522553,-0.5357388468972953,-0.5314419663783918,-0.5365538870694906,0.02732332650157961,62,0.7120535714285715,0.7909226190476191,0.7779017857142856,0.7514880952380952,0.6320684523809524,0.8020833333333334,0.738467261904762,0.7440476190476191,0.7303585049580472,0.7097635392829901,0.7389154782336277,0.04632533816072986,64
24,1.2752886056900024,0.0869108025971311,0.05684843063354492,0.004231262700064593,754.3120063354608,400,1,0.017575106248547922,0.5,0,1.0,"{'base_estimator__reg_lambda': 754.3120063354608, 'base_estimator__num_iterations': 400, 'base_estimator__max_depth': 1, 'base_estimator__learning_rate': 0.017575106248547922, 'base_estimator__feature_fraction': 0.5, 'base_estimator__bagging_freq': 0, 'base_estimator__bagging_fraction': 1.0}",-0.5517748305830225,-0.515243551589571,-0.5239579446427435,-0.5302790602199501,-0.5964285032593315,-0.49581975724831057,-0.5482889173333506,-0.5477977551898185,-0.5384445973846042,-0.5256109046287165,-0.5373645822079418,0.02551267258287284,63,0.7172619047619048,0.7961309523809523,0.7674851190476191,0.7425595238095238,0.6324404761904762,0.8080357142857143,0.7347470238095237,0.7611607142857143,0.7299771167048055,0.7124332570556826,0.7402231802331917,0.04686454128850857,63
2,1.0811087608337402,0.024193214871683754,0.06153473854064941,0.004593345429307854,25.595479226995334,400,1,0.020235896477251575,1.0,10,1.0,"{'base_estimator__reg_lambda': 25.595479226995334, 'base_estimator__num_iterations': 400, 'base_estimator__max_depth': 1, 'base_estimator__learning_rate': 0.020235896477251575, 'base_estimator__feature_fraction': 1.0, 'base_estimator__bagging_freq': 10, 'base_estimator__bagging_fraction': 1.0}",-0.5537289304626634,-0.5334671683007526,-0.5368096967160069,-0.5098927219761057,-0.6038968640622387,-0.5006556711932906,-0.5383965639176539,-0.5489341466049412,-0.539171809146367,-0.5195496856267642,-0.5384503258006784,0.026936683969249975,64,0.7057291666666666,0.7574404761904762,0.7366071428571429,0.8020833333333334,0.6506696428571429,0.7890625,0.7730654761904763,0.7444196428571428,0.7185354691075515,0.7284515636918382,0.7406064413751771,0.04175503240672988,61
