,mean_fit_time,std_fit_time,mean_score_time,std_score_time,param_logistic_regression__C,param_logistic_regression__l1_ratio,params,split0_test_neg_log_loss,split1_test_neg_log_loss,split2_test_neg_log_loss,split3_test_neg_log_loss,split4_test_neg_log_loss,split5_test_neg_log_loss,split6_test_neg_log_loss,split7_test_neg_log_loss,split8_test_neg_log_loss,split9_test_neg_log_loss,mean_test_neg_log_loss,std_test_neg_log_loss,rank_test_neg_log_loss,split0_test_roc_auc,split1_test_roc_auc,split2_test_roc_auc,split3_test_roc_auc,split4_test_roc_auc,split5_test_roc_auc,split6_test_roc_auc,split7_test_roc_auc,split8_test_roc_auc,split9_test_roc_auc,mean_test_roc_auc,std_test_roc_auc,rank_test_roc_auc
42,0.31047258377075193,0.013539339852172873,0.18420517444610596,0.006420876166325022,0.3593813663804626,0.2222222222222222,"{'logistic_regression__C': 0.3593813663804626, 'logistic_regression__l1_ratio': 0.2222222222222222}",-0.584263633137421,-0.493601625809364,-0.4864483107810959,-0.5077476809683068,-0.4806533518861241,-0.4905003001786453,-0.44103158082517513,-0.47590790549305345,-0.4883724422142189,-0.545421364658781,-0.4993948195952186,0.037552433349685214,1,0.6845238095238095,0.7946428571428572,0.7909226190476191,0.7827380952380952,0.7924107142857143,0.7916666666666666,0.8385416666666667,0.8013392857142857,0.7757437070938216,0.7330282227307399,0.7785557644110277,0.03979089280402693,5
43,0.3108691215515137,0.011891612107159267,0.18221278190612794,0.005085986267721386,0.3593813663804626,0.3333333333333333,"{'logistic_regression__C': 0.3593813663804626, 'logistic_regression__l1_ratio': 0.3333333333333333}",-0.5843642592020554,-0.4945519265699542,-0.4828164026675674,-0.5068532876664728,-0.48321228753505074,-0.48988368230556195,-0.44102159316888034,-0.47695402351221955,-0.48845116855709814,-0.5461559333857637,-0.4994264564570624,0.037607773338097984,2,0.6830357142857143,0.7953869047619048,0.793154761904762,0.7819940476190477,0.7901785714285715,0.7961309523809523,0.8377976190476191,0.8005952380952381,0.7772692601067887,0.7330282227307399,0.7788571292361339,0.040181010855995465,4
44,0.3020925760269165,0.02094554069497916,0.1877986192703247,0.01235107089759784,0.3593813663804626,0.4444444444444444,"{'logistic_regression__C': 0.3593813663804626, 'logistic_regression__l1_ratio': 0.4444444444444444}",-0.584598116041683,-0.49456161169205587,-0.48108646757113166,-0.5060755391089473,-0.4868034293239633,-0.489002400194393,-0.4412969224967166,-0.47850709148471904,-0.4890947178443049,-0.5463640107890102,-0.4997390306546925,0.03748601061574008,3,0.6778273809523809,0.7953869047619048,0.7961309523809523,0.7827380952380952,0.7879464285714286,0.796875,0.8377976190476191,0.7946428571428572,0.776506483600305,0.7345537757437071,0.7780405497439251,0.04109229197708467,10
41,0.32393321990966795,0.018285169981273424,0.18740012645721435,0.008914006063384404,0.3593813663804626,0.1111111111111111,"{'logistic_regression__C': 0.3593813663804626, 'logistic_regression__l1_ratio': 0.1111111111111111}",-0.5851215304993849,-0.4943724779100361,-0.4895183586936781,-0.5084472998952858,-0.47888571606075,-0.4915483514639837,-0.441539507942266,-0.47562806072587466,-0.48923737712130855,-0.5449063038162677,-0.4999204984128835,0.037576291079519826,4,0.6845238095238095,0.7953869047619048,0.7879464285714285,0.7819940476190476,0.7976190476190477,0.7916666666666666,0.8430059523809524,0.8028273809523809,0.7734553775743707,0.7360793287566744,0.7794504944426284,0.04040519883284507,3
45,0.3163550853729248,0.03024928891107522,0.19258613586425782,0.020849808175161393,0.3593813663804626,0.5555555555555556,"{'logistic_regression__C': 0.3593813663804626, 'logistic_regression__l1_ratio': 0.5555555555555556}",-0.5827176419993977,-0.4938739875275374,-0.48066868415628006,-0.5054700065296454,-0.49081956412325073,-0.4878810015680628,-0.44206187510341904,-0.4804832281828416,-0.48883263881137007,-0.5468030626312763,-0.4999611690633081,0.03683403296433965,5,0.6755952380952381,0.7931547619047619,0.7924107142857142,0.7842261904761905,0.7797619047619048,0.7976190476190477,0.8377976190476191,0.7938988095238095,0.776506483600305,0.7337909992372236,0.7764761768551816,0.04136764544792317,28
49,0.27247211933135984,0.028880224901573676,0.19019064903259278,0.00940956176436915,0.3593813663804626,1.0,"{'logistic_regression__C': 0.3593813663804626, 'logistic_regression__l1_ratio': 1.0}",-0.5780307704472909,-0.4935880019696377,-0.48086990689658754,-0.5004802829254896,-0.5008637959082386,-0.48317567549535034,-0.44418412645087696,-0.4883127720480035,-0.48983582064384573,-0.5438461521827822,-0.5003187304968103,0.03472274870565288,6,0.6688988095238095,0.7909226190476191,0.7938988095238095,0.7901785714285714,0.7700892857142857,0.800595238095238,0.8370535714285714,0.7857142857142857,0.7765064836003052,0.729214340198322,0.7743072014274817,0.04340163114547434,63
48,0.2893268346786499,0.03143527256378398,0.18500630855560302,0.013559438337983233,0.3593813663804626,0.8888888888888888,"{'logistic_regression__C': 0.3593813663804626, 'logistic_regression__l1_ratio': 0.8888888888888888}",-0.5787240180548001,-0.4937753550539271,-0.4808890408449503,-0.5023998910344092,-0.49940303704565814,-0.4849968984716396,-0.44438108048298786,-0.4864987401366143,-0.48888675892502487,-0.5450022469271415,-0.5004957066977153,0.03500664538478116,7,0.6726190476190477,0.7938988095238095,0.7931547619047619,0.7894345238095238,0.7730654761904763,0.8005952380952381,0.8385416666666666,0.7849702380952381,0.7787948131197558,0.7269260106788711,0.7752000585703389,0.043009175459192014,61
46,0.30259017944335936,0.028371911545342604,0.19557766914367675,0.02075588372997116,0.3593813663804626,0.6666666666666666,"{'logistic_regression__C': 0.3593813663804626, 'logistic_regression__l1_ratio': 0.6666666666666666}",-0.5810164111597395,-0.4936957170991366,-0.48083512813354173,-0.5052800336786676,-0.4945047892156637,-0.48688106575566586,-0.4436791694204138,-0.48317660746063257,-0.4887945888573929,-0.5470963700359756,-0.5004959880816829,0.03605150408520001,8,0.6733630952380953,0.7946428571428572,0.7938988095238095,0.7864583333333334,0.7752976190476191,0.7961309523809523,0.8370535714285715,0.7886904761904762,0.7772692601067888,0.7307398932112892,0.7753544867603793,0.042014153838015225,60
47,0.2891263484954834,0.028540221659895882,0.18630411624908447,0.011379787863477337,0.3593813663804626,0.7777777777777777,"{'logistic_regression__C': 0.3593813663804626, 'logistic_regression__l1_ratio': 0.7777777777777777}",-0.5797054807765363,-0.4937445104443068,-0.4809723341626636,-0.5042838190408482,-0.4972013517061685,-0.48614438006572014,-0.4443302031770264,-0.485019562502651,-0.48871048155034036,-0.5459178286511548,-0.5006029952077417,0.03539507394088562,9,0.6770833333333333,0.7953869047619048,0.7938988095238095,0.7879464285714285,0.7738095238095238,0.7998511904761904,0.8377976190476191,0.7842261904761905,0.7780320366132724,0.7284515636918383,0.775648360030511,0.04165031023043985,59
40,0.28424127101898194,0.01322338343796734,0.18690116405487062,0.011400277377744463,0.3593813663804626,0.0,"{'logistic_regression__C': 0.3593813663804626, 'logistic_regression__l1_ratio': 0.0}",-0.5860613442970303,-0.4951091769579934,-0.49333602769312224,-0.5088733429089813,-0.47751560821865946,-0.4925217787699676,-0.4423229010576487,-0.4758541850028927,-0.4903292991222747,-0.5452698937881015,-0.5007193557816672,0.037633058174955825,10,0.6837797619047619,0.796875,0.7849702380952381,0.78125,0.8028273809523809,0.7946428571428572,0.8385416666666666,0.8050595238095237,0.7719298245614035,0.7376048817696415,0.7797481134902473,0.04027631311352613,2
30,0.22400224208831787,0.01180311945515372,0.19966301918029786,0.01169253207999027,0.046415888336127774,0.0,"{'logistic_regression__C': 0.046415888336127774, 'logistic_regression__l1_ratio': 0.0}",-0.5534653979658231,-0.5042657427523913,-0.4862187451927918,-0.5114720723185353,-0.5023377091962551,-0.5013646446590295,-0.44994632898471226,-0.4843742827338053,-0.4898589654906454,-0.5241684145603245,-0.5007472303854313,0.02576141735333716,11,0.6971726190476191,0.7894345238095237,0.7991071428571428,0.7760416666666666,0.7842261904761905,0.7872023809523808,0.8541666666666667,0.8043154761904762,0.7871853546910754,0.7520976353928299,0.7830949656750572,0.03771762391433595,1
31,0.23127987384796142,0.021365493562333845,0.19658026695251465,0.01639452322437945,0.046415888336127774,0.1111111111111111,"{'logistic_regression__C': 0.046415888336127774, 'logistic_regression__l1_ratio': 0.1111111111111111}",-0.550046884931541,-0.5067986588580738,-0.4891581361260681,-0.5147404116902647,-0.5176801374468126,-0.5048349412934543,-0.4546137641009665,-0.49126122679508716,-0.49954421770439855,-0.5277933678635686,-0.5056471746810236,0.02410757537011631,12,0.706845238095238,0.7842261904761904,0.7924107142857143,0.7708333333333334,0.7596726190476191,0.7827380952380952,0.8519345238095238,0.7946428571428571,0.780320366132723,0.7414187643020596,0.7765042701863354,0.035754209763614736,27
32,0.21960937976837158,0.013572423023898836,0.19388298988342284,0.007571953869537714,0.046415888336127774,0.2222222222222222,"{'logistic_regression__C': 0.046415888336127774, 'logistic_regression__l1_ratio': 0.2222222222222222}",-0.5467294266814428,-0.5122398921941264,-0.4967267569879363,-0.5149350978625359,-0.5311408206150794,-0.5077406205801308,-0.46238190714699134,-0.4993460078387771,-0.506477590567066,-0.5308502621527345,-0.510856838262682,0.02197141452409688,13,0.7127976190476191,0.7834821428571429,0.7872023809523809,0.78125,0.7410714285714285,0.7819940476190476,0.8504464285714286,0.7901785714285715,0.7856598016781083,0.7322654462242564,0.7746347866949984,0.03631831558762777,62
59,0.31395788192749025,0.015065949758491183,0.19258582592010498,0.01713202852055581,2.782559402207126,1.0,"{'logistic_regression__C': 2.782559402207126, 'logistic_regression__l1_ratio': 1.0}",-0.6141196827606457,-0.498492171016203,-0.519497468398294,-0.531329379294637,-0.4715831884361924,-0.49888615862820995,-0.44799722898945965,-0.47983965508039483,-0.5053658168049366,-0.5575419642228494,-0.5124652713631822,0.04482497080835769,14,0.6785714285714286,0.8020833333333333,0.7745535714285715,0.78125,0.8117559523809523,0.7976190476190476,0.8348214285714286,0.800595238095238,0.7643020594965676,0.7391304347826088,0.7784682494279176,0.04177123784343494,6
58,0.3156562328338623,0.019298780286468406,0.1931828260421753,0.01504583846130684,2.782559402207126,0.8888888888888888,"{'logistic_regression__C': 2.782559402207126, 'logistic_regression__l1_ratio': 0.8888888888888888}",-0.6140746319272555,-0.4984462933715452,-0.5202429233697945,-0.5315008299323909,-0.47150489429942866,-0.4992147874040976,-0.44769395376536625,-0.4797868520670683,-0.5061323424260078,-0.557643654894514,-0.5126241163457469,0.04487906945837307,15,0.6763392857142857,0.8013392857142857,0.7745535714285715,0.7805059523809524,0.8110119047619049,0.796875,0.8333333333333334,0.7998511904761905,0.7635392829900839,0.7391304347826088,0.7776479241582216,0.041954499640239,15
57,0.3301138639450073,0.020676743806335388,0.1856091022491455,0.020943606797339077,2.782559402207126,0.7777777777777777,"{'logistic_regression__C': 2.782559402207126, 'logistic_regression__l1_ratio': 0.7777777777777777}",-0.6140230032054882,-0.4984152413768298,-0.520964923458503,-0.5316921806794239,-0.47142569252656885,-0.4995268984689554,-0.4471662642061084,-0.4796130720350826,-0.5069063816103339,-0.5577500450333774,-0.5127483702600671,0.04497663922481091,16,0.6763392857142857,0.8013392857142857,0.7730654761904763,0.7805059523809523,0.8110119047619048,0.796875,0.8363095238095238,0.8005952380952381,0.7627765064836003,0.7391304347826088,0.7777948607932875,0.042437043106078494,13
56,0.32114038467407224,0.018601999087399686,0.20096359252929688,0.02107240805793905,2.782559402207126,0.6666666666666666,"{'logistic_regression__C': 2.782559402207126, 'logistic_regression__l1_ratio': 0.6666666666666666}",-0.6138955659723061,-0.4983999608779593,-0.5215150179599434,-0.53182360522387,-0.4713639630860328,-0.4998316957502393,-0.44720212705028173,-0.4793669795523282,-0.5076801112806608,-0.5577520252542929,-0.5128831052007914,0.04496478879298983,17,0.6763392857142857,0.8020833333333333,0.7715773809523809,0.78125,0.8110119047619049,0.796875,0.8363095238095238,0.8005952380952381,0.7643020594965676,0.7414187643020596,0.7781762490465294,0.04224787199777019,8
55,0.3241311311721802,0.024161532803199975,0.19877004623413086,0.0222026318684904,2.782559402207126,0.5555555555555556,"{'logistic_regression__C': 2.782559402207126, 'logistic_regression__l1_ratio': 0.5555555555555556}",-0.6137604913221383,-0.4984045973608664,-0.5221323337156142,-0.5321541510110005,-0.4713014108597351,-0.5001383511317347,-0.44723330800552014,-0.47942235569781905,-0.5084678451172193,-0.5578162236167576,-0.5130831067838405,0.04494647816033639,18,0.6763392857142857,0.8005952380952381,0.7708333333333334,0.78125,0.8117559523809524,0.7961309523809524,0.8385416666666667,0.7998511904761905,0.7643020594965676,0.7421815408085431,0.7781781219352729,0.04241298294957649,7
54,0.3247301816940308,0.0231844218350173,0.20096828937530517,0.01813521022623236,2.782559402207126,0.4444444444444444,"{'logistic_regression__C': 2.782559402207126, 'logistic_regression__l1_ratio': 0.4444444444444444}",-0.6138418833015546,-0.4983048843069738,-0.5230794199600123,-0.5324017640485799,-0.4712492200483802,-0.5004299676254245,-0.4473142369038041,-0.4794842114399989,-0.5086991954441766,-0.5579118569767598,-0.5132716640055665,0.04498549733899437,19,0.6763392857142857,0.8005952380952381,0.7700892857142857,0.78125,0.8110119047619048,0.7961309523809524,0.8385416666666667,0.7991071428571428,0.7643020594965676,0.7421815408085431,0.7779549076495587,0.042330231450437815,12
53,0.3150569677352905,0.02127123939858186,0.18740012645721435,0.018354532282806355,2.782559402207126,0.3333333333333333,"{'logistic_regression__C': 2.782559402207126, 'logistic_regression__l1_ratio': 0.3333333333333333}",-0.6139673422186285,-0.4981890242630776,-0.5237172965474184,-0.5326784854059461,-0.4712291541836214,-0.5007300622496766,-0.44753691846106636,-0.47957239289233183,-0.5090782413696491,-0.558339591209592,-0.5135038508801008,0.045036171450262875,20,0.6763392857142857,0.8005952380952381,0.7700892857142857,0.7834821428571429,0.8110119047619048,0.7953869047619048,0.8392857142857143,0.7991071428571428,0.7643020594965676,0.7414187643020596,0.7781018442846246,0.0424939244238866,9
52,0.32393248081207277,0.01495197461114163,0.18421330451965331,0.014669225078240256,2.782559402207126,0.2222222222222222,"{'logistic_regression__C': 2.782559402207126, 'logistic_regression__l1_ratio': 0.2222222222222222}",-0.6140864986360335,-0.4980858742366676,-0.5244384197023144,-0.5329437281603248,-0.47116555965007656,-0.5008675936363488,-0.44765436064927266,-0.47990571346800764,-0.509199704747247,-0.5585007459365336,-0.5136848198822825,0.045069026504745924,21,0.6755952380952381,0.8005952380952381,0.7686011904761905,0.7834821428571429,0.8117559523809523,0.7953869047619048,0.8392857142857143,0.7976190476190477,0.7643020594965676,0.7406559877955758,0.7777279475863572,0.042754829944531225,14
51,0.32852270603179934,0.014503280593881762,0.19268434047698973,0.013621047296288618,2.782559402207126,0.1111111111111111,"{'logistic_regression__C': 2.782559402207126, 'logistic_regression__l1_ratio': 0.1111111111111111}",-0.6142070964520416,-0.4979965022167036,-0.5252036710960482,-0.533132608941265,-0.47113640993232997,-0.5010965327979809,-0.4482971419277,-0.480004736851415,-0.5093239722260455,-0.5587470650437354,-0.5139145737485264,0.04504395128719993,22,0.6755952380952381,0.7998511904761905,0.7686011904761905,0.7819940476190477,0.8117559523809523,0.7953869047619048,0.8400297619047619,0.7976190476190477,0.763539282990084,0.7414187643020596,0.7775791380625477,0.042764932931732225,16
50,0.2929182767868042,0.023600995988299137,0.19507737159729005,0.015143127735973023,2.782559402207126,0.0,"{'logistic_regression__C': 2.782559402207126, 'logistic_regression__l1_ratio': 0.0}",-0.6143416161476264,-0.49804260411019063,-0.5258855694125015,-0.5331206022986168,-0.47105366000742527,-0.5013777321355117,-0.4489748801313098,-0.4800713873976202,-0.5093186565058941,-0.5588321772284826,-0.5141018885375179,0.04499422698335718,23,0.6755952380952381,0.8013392857142857,0.7678571428571428,0.7834821428571429,0.8117559523809523,0.7953869047619048,0.8400297619047619,0.7983630952380952,0.7643020594965676,0.742181540808543,0.7780293124114634,0.04282416578106734,11
33,0.21213231086730958,0.014555530856490959,0.19707345962524414,0.011658343746482804,0.046415888336127774,0.3333333333333333,"{'logistic_regression__C': 0.046415888336127774, 'logistic_regression__l1_ratio': 0.3333333333333333}",-0.547105513760682,-0.5163768412720098,-0.5092974824854991,-0.5160289326118235,-0.5413003540217719,-0.5125440678432622,-0.4722435622054051,-0.5077287162481385,-0.5145327883298656,-0.5308044028194484,-0.5167962661597907,0.019653736522139247,24,0.7224702380952381,0.7723214285714286,0.7648809523809524,0.7819940476190477,0.7247023809523809,0.7834821428571428,0.8467261904761905,0.7938988095238095,0.7658276125095347,0.7284515636918384,0.7684755366677564,0.0358422578609491,64
69,0.3153552532196045,0.016698734700671073,0.18531110286712646,0.007910564533615402,21.54434690031882,1.0,"{'logistic_regression__C': 21.54434690031882, 'logistic_regression__l1_ratio': 1.0}",-0.6220581757899959,-0.49884936702151245,-0.536994486636992,-0.5426552127004232,-0.4698552752438404,-0.5049692319920217,-0.4503694997812094,-0.48147782483438417,-0.5158286646151568,-0.5614650037033919,-0.5184522742318928,0.04738234452620647,25,0.6770833333333334,0.7998511904761905,0.7641369047619048,0.7775297619047619,0.8117559523809524,0.7946428571428571,0.8400297619047619,0.796875,0.7574370709382151,0.7467581998474446,0.7766100032690421,0.042254022164783515,21
68,0.3219384908676147,0.012342594787412465,0.188897705078125,0.007274293939701567,21.54434690031882,0.8888888888888888,"{'logistic_regression__C': 21.54434690031882, 'logistic_regression__l1_ratio': 0.8888888888888888}",-0.6220543393658187,-0.4988432636383487,-0.5370995794263453,-0.5426215601869264,-0.46992347712432786,-0.5049959292386579,-0.45050166384435436,-0.4815008084290028,-0.515809594291345,-0.5615511026123421,-0.5184901318157469,0.04736356157473547,26,0.6770833333333334,0.7998511904761905,0.7641369047619048,0.7775297619047619,0.8117559523809524,0.7946428571428571,0.8400297619047619,0.796875,0.7574370709382151,0.7467581998474446,0.7766100032690421,0.042254022164783515,21
67,0.3141613006591797,0.010042022029390096,0.1877967119216919,0.005353858187679009,21.54434690031882,0.7777777777777777,"{'logistic_regression__C': 21.54434690031882, 'logistic_regression__l1_ratio': 0.7777777777777777}",-0.6220411068054175,-0.49883153225995125,-0.5371928892955312,-0.5426428389394745,-0.4698965585244184,-0.5050827097322335,-0.45060417545951575,-0.4815172083838554,-0.5158085387539496,-0.5617160522297817,-0.5185333610384129,0.04736523859914268,27,0.6778273809523809,0.7998511904761905,0.7633928571428571,0.7775297619047619,0.8117559523809524,0.7946428571428571,0.8400297619047619,0.796875,0.7574370709382151,0.7459954233409611,0.7765337256183937,0.042156436345460034,25
66,0.31914577484130857,0.011353832401207834,0.18410830497741698,0.00908875117643732,21.54434690031882,0.6666666666666666,"{'logistic_regression__C': 21.54434690031882, 'logistic_regression__l1_ratio': 0.6666666666666666}",-0.621959982535983,-0.4988013429305463,-0.5372820330038596,-0.5426290513394162,-0.4698869196969738,-0.5050621219791036,-0.45073334740247795,-0.48151419879014884,-0.5157877174958495,-0.5619415942848291,-0.5185598309459187,0.04735562330876244,28,0.6778273809523809,0.7998511904761905,0.7633928571428571,0.7775297619047619,0.8117559523809524,0.7946428571428571,0.8400297619047619,0.796875,0.7574370709382151,0.7459954233409611,0.7765337256183937,0.042156436345460034,25
65,0.3103687524795532,0.014735332760132922,0.18291265964508058,0.00993562734741864,21.54434690031882,0.5555555555555556,"{'logistic_regression__C': 21.54434690031882, 'logistic_regression__l1_ratio': 0.5555555555555556}",-0.6219795957650245,-0.49872270219980586,-0.537373918037243,-0.5426626583024936,-0.46987046471229077,-0.5051441328237646,-0.4508171554966879,-0.4815856015332812,-0.5157900313960987,-0.5619038396646833,-0.5185850099931374,0.047346851206093325,29,0.6778273809523809,0.7998511904761905,0.7633928571428571,0.7775297619047619,0.8125,0.7946428571428571,0.8400297619047619,0.796875,0.7574370709382151,0.7459954233409611,0.7766081303802986,0.042219146755449924,24
64,0.324133038520813,0.010479179086822433,0.18610568046569825,0.008650669554901572,21.54434690031882,0.4444444444444444,"{'logistic_regression__C': 21.54434690031882, 'logistic_regression__l1_ratio': 0.4444444444444444}",-0.6219823327510069,-0.49864170225563764,-0.5374583966330351,-0.5427014208441238,-0.4698600176038118,-0.5052100684619226,-0.45093519164225554,-0.4816200005549459,-0.515777477122363,-0.5618665792500981,-0.5186053187119201,0.047332487803095055,30,0.6778273809523809,0.7998511904761905,0.7641369047619048,0.7775297619047619,0.8125,0.7946428571428571,0.8400297619047619,0.796875,0.7574370709382151,0.7459954233409611,0.7766825351422033,0.04219644083163991,19
63,0.33051586151123047,0.01726386925376514,0.18161444664001464,0.007561602460630003,21.54434690031882,0.3333333333333333,"{'logistic_regression__C': 21.54434690031882, 'logistic_regression__l1_ratio': 0.3333333333333333}",-0.6219882059567456,-0.49867225076449007,-0.5375829568433526,-0.5426996021673605,-0.46984703015195783,-0.5052691086047603,-0.45102541118699213,-0.4816128962823096,-0.5157870804507593,-0.5618235700143585,-0.5186308112423086,0.04732070947545655,31,0.6778273809523809,0.7998511904761905,0.7641369047619048,0.7775297619047619,0.8125,0.7946428571428571,0.8400297619047619,0.796875,0.7574370709382151,0.7459954233409611,0.7766825351422033,0.04219644083163991,19
62,0.3365997552871704,0.012640761515107,0.18939390182495117,0.011921354516634963,21.54434690031882,0.2222222222222222,"{'logistic_regression__C': 21.54434690031882, 'logistic_regression__l1_ratio': 0.2222222222222222}",-0.6219936076412143,-0.49867640221867243,-0.5376769030862408,-0.5427375338319788,-0.4698273798638287,-0.5053540468666199,-0.4511140503040618,-0.481612565331592,-0.5157557470992324,-0.5617916829890003,-0.5186539919232441,0.04731169644205194,32,0.6778273809523809,0.7998511904761905,0.7648809523809524,0.7775297619047619,0.8125,0.7946428571428571,0.8400297619047619,0.796875,0.7574370709382151,0.7467581998474446,0.7768332175547565,0.04211985358812295,17
61,0.32572739124298095,0.012191422216631395,0.18081815242767335,0.009304389144179536,21.54434690031882,0.1111111111111111,"{'logistic_regression__C': 21.54434690031882, 'logistic_regression__l1_ratio': 0.1111111111111111}",-0.6220142207368223,-0.4986875460786745,-0.5377549854904976,-0.5427553553763517,-0.46981676623360225,-0.5053498643687759,-0.45121338696345353,-0.48156020119161536,-0.5157537621400878,-0.5617588218807421,-0.5186664910460623,0.047307942888086575,33,0.6778273809523809,0.7998511904761905,0.7641369047619047,0.7775297619047619,0.8125,0.7953869047619047,0.8400297619047619,0.796875,0.7574370709382151,0.7467581998474446,0.7768332175547565,0.042173707953321815,17
60,0.2784555196762085,0.014046380600289541,0.19009320735931395,0.01088922901260036,21.54434690031882,0.0,"{'logistic_regression__C': 21.54434690031882, 'logistic_regression__l1_ratio': 0.0}",-0.6220277165383238,-0.49864237794208927,-0.5378706348754136,-0.5428261564471516,-0.469803446521881,-0.5054033809872841,-0.4513457358369859,-0.4815786993899163,-0.5157397058477187,-0.5617094549464392,-0.5186947309333204,0.04729624407058278,34,0.6770833333333334,0.7998511904761905,0.7641369047619047,0.7775297619047619,0.8117559523809523,0.7946428571428571,0.8400297619047619,0.796875,0.7574370709382151,0.7467581998474446,0.7766100032690421,0.042254022164783515,21
77,0.3155564069747925,0.013797349896380045,0.18869490623474122,0.0066576335475767605,166.81005372000558,0.7777777777777777,"{'logistic_regression__C': 166.81005372000558, 'logistic_regression__l1_ratio': 0.7777777777777777}",-0.6231904191692763,-0.49872580770658176,-0.5397226974967262,-0.5443856042590656,-0.46964198381203515,-0.5060683423604025,-0.4516707101805649,-0.48179557141249624,-0.5168075332325491,-0.5621766555990246,-0.5194185325228722,0.047674593364711734,35,0.6763392857142857,0.7998511904761905,0.7626488095238095,0.7782738095238095,0.8110119047619048,0.7946428571428571,0.8392857142857142,0.796875,0.7559115179252479,0.7475209763539283,0.7762361065707747,0.04232356677772398,30
75,0.31326005458831785,0.007224827159538999,0.18600423336029054,0.01100018472414965,166.81005372000558,0.5555555555555556,"{'logistic_regression__C': 166.81005372000558, 'logistic_regression__l1_ratio': 0.5555555555555556}",-0.6232014300676474,-0.4987391915953414,-0.5397902531804838,-0.5443413835760559,-0.46963860043301847,-0.5060622245680644,-0.4516714846377784,-0.4817994924120983,-0.5167770263427143,-0.5621762646320618,-0.5194197351445264,0.04767721567349614,36,0.6763392857142857,0.7998511904761905,0.7626488095238095,0.7790178571428572,0.8110119047619048,0.7946428571428571,0.8392857142857142,0.796875,0.7559115179252479,0.7475209763539283,0.7763105113326796,0.04232773746625155,29
79,0.3090749502182007,0.007792999762088678,0.18191225528717042,0.008438489989209248,166.81005372000558,1.0,"{'logistic_regression__C': 166.81005372000558, 'logistic_regression__l1_ratio': 1.0}",-0.6232096422755165,-0.4987451086861833,-0.539714819464883,-0.5444038893126051,-0.4696447110069533,-0.5060535736789289,-0.4516210695685395,-0.481843598270593,-0.5167969801080821,-0.5621979037499006,-0.5194231296122186,0.047683924191468004,37,0.6763392857142857,0.7998511904761905,0.7626488095238095,0.7782738095238095,0.8110119047619048,0.7946428571428571,0.8392857142857142,0.796875,0.7559115179252479,0.7475209763539283,0.7762361065707747,0.04232356677772398,30
78,0.3214411735534668,0.01786777043014066,0.1848055124282837,0.010073128398900077,166.81005372000558,0.8888888888888888,"{'logistic_regression__C': 166.81005372000558, 'logistic_regression__l1_ratio': 0.8888888888888888}",-0.6231738893547819,-0.4987422310676644,-0.5397073222924542,-0.5444523759281445,-0.46963829206807456,-0.5061123516982027,-0.4516450447218692,-0.48184876654771464,-0.5167894196381037,-0.5621825200582494,-0.519429221337526,0.04767236232151054,38,0.6763392857142857,0.7998511904761905,0.7626488095238095,0.7782738095238095,0.8110119047619048,0.7946428571428571,0.8392857142857142,0.796875,0.7559115179252479,0.7475209763539283,0.7762361065707747,0.04232356677772398,30
74,0.315855884552002,0.010152173170937561,0.18470604419708253,0.006567391047472351,166.81005372000558,0.4444444444444444,"{'logistic_regression__C': 166.81005372000558, 'logistic_regression__l1_ratio': 0.4444444444444444}",-0.6232094231369386,-0.49873504454104134,-0.5397834863773199,-0.5443519906400149,-0.46963878789871955,-0.5060883952287784,-0.4516473707408505,-0.4818519789493051,-0.5168176486117885,-0.5622070600212108,-0.5194331186145968,0.04768047476230593,39,0.6763392857142857,0.7998511904761905,0.7626488095238095,0.7782738095238095,0.8110119047619048,0.7946428571428571,0.8392857142857142,0.796875,0.7559115179252479,0.7475209763539283,0.7762361065707747,0.04232356677772398,30
73,0.3236320972442627,0.01422572114235983,0.1846073865890503,0.0089698989402883,166.81005372000558,0.3333333333333333,"{'logistic_regression__C': 166.81005372000558, 'logistic_regression__l1_ratio': 0.3333333333333333}",-0.6231947163827659,-0.49873525833567767,-0.5398026306331407,-0.5444366386573101,-0.4696322183554448,-0.5061326253564273,-0.4516762912417988,-0.4817900064651209,-0.5167745183463885,-0.562165532274497,-0.5194340436048571,0.04767925679519093,40,0.6763392857142857,0.7998511904761905,0.7626488095238095,0.7782738095238095,0.8110119047619048,0.7946428571428571,0.8392857142857142,0.796875,0.7559115179252479,0.7475209763539283,0.7762361065707747,0.04232356677772398,30
76,0.32144076824188234,0.014711959634550579,0.18750152587890626,0.010609583543410805,166.81005372000558,0.6666666666666666,"{'logistic_regression__C': 166.81005372000558, 'logistic_regression__l1_ratio': 0.6666666666666666}",-0.6232024766719677,-0.4987193400829499,-0.5397722236146565,-0.5444008405835079,-0.4696375319879037,-0.5060737904013894,-0.45170956149134145,-0.48183816022791726,-0.516772556962193,-0.5622156847210806,-0.5194342166744909,0.04767553497072634,41,0.6763392857142857,0.7998511904761905,0.7626488095238095,0.7782738095238095,0.8110119047619048,0.7946428571428571,0.8392857142857142,0.796875,0.7559115179252479,0.7475209763539283,0.7762361065707747,0.04232356677772398,30
71,0.32343530654907227,0.011264484597589042,0.19408154487609863,0.02164037107445886,166.81005372000558,0.1111111111111111,"{'logistic_regression__C': 166.81005372000558, 'logistic_regression__l1_ratio': 0.1111111111111111}",-0.6232124709353636,-0.4987111501432494,-0.539812409145813,-0.5443756447324818,-0.46963077526605634,-0.5061109199325566,-0.45174622964709343,-0.4817944518305667,-0.5167920826593746,-0.5621706580448501,-0.5194356792337407,0.047672224486751215,42,0.6763392857142857,0.7998511904761905,0.7626488095238095,0.7782738095238095,0.8110119047619048,0.7946428571428571,0.8392857142857142,0.796875,0.7559115179252479,0.7475209763539283,0.7762361065707747,0.04232356677772398,30
70,0.2694779634475708,0.016297940909436832,0.18500611782073975,0.015522482677823841,166.81005372000558,0.0,"{'logistic_regression__C': 166.81005372000558, 'logistic_regression__l1_ratio': 0.0}",-0.623207728725176,-0.4987217641302177,-0.5398357591569848,-0.544438897623458,-0.4696327243755549,-0.5060849901073312,-0.4517494190720736,-0.4818028110714037,-0.516764807862389,-0.5621518012340279,-0.5194390703358617,0.047672913731458384,43,0.6763392857142857,0.7998511904761905,0.7626488095238095,0.7782738095238095,0.8110119047619048,0.7946428571428571,0.8392857142857142,0.796875,0.7559115179252479,0.7475209763539283,0.7762361065707747,0.04232356677772398,30
72,0.32124006748199463,0.009360015894806648,0.1848072052001953,0.010907908168301322,166.81005372000558,0.2222222222222222,"{'logistic_regression__C': 166.81005372000558, 'logistic_regression__l1_ratio': 0.2222222222222222}",-0.623206285403292,-0.49872561589324843,-0.5398045779512154,-0.5444234710708897,-0.46963181590879144,-0.5061562955258098,-0.4517125234085652,-0.4818267373070504,-0.5167842057753818,-0.5621611831077461,-0.5194432711351991,0.047672477177256034,44,0.6763392857142857,0.7998511904761905,0.7626488095238095,0.7782738095238095,0.8110119047619048,0.7946428571428571,0.8392857142857142,0.796875,0.7559115179252479,0.7475209763539283,0.7762361065707747,0.04232356677772398,30
85,0.3199421167373657,0.012614387503875503,0.1900951862335205,0.012128794977291694,1291.5496650148827,0.5555555555555556,"{'logistic_regression__C': 1291.5496650148827, 'logistic_regression__l1_ratio': 0.5555555555555556}",-0.623378201882326,-0.49872356650744554,-0.5400840394592121,-0.5445814584800996,-0.46960816095253965,-0.5062420372364509,-0.45179480751826046,-0.48184605867320174,-0.5169359029046658,-0.5621898449804592,-0.5195384078594661,0.047718851126431296,45,0.6763392857142857,0.7998511904761905,0.7626488095238095,0.7782738095238095,0.8110119047619048,0.7946428571428571,0.8385416666666666,0.796875,0.7559115179252479,0.7475209763539283,0.77616170180887,0.04221317030626072,39
88,0.3236341714859009,0.015027756826639826,0.18560540676116943,0.010261985469291966,1291.5496650148827,0.8888888888888888,"{'logistic_regression__C': 1291.5496650148827, 'logistic_regression__l1_ratio': 0.8888888888888888}",-0.6233579924013666,-0.4987355393801032,-0.5400765146635499,-0.5446072385385033,-0.469603438936174,-0.5062446811799853,-0.45176825192594244,-0.4818646765236516,-0.516909792957901,-0.5622317040250303,-0.5195399830532208,0.047721568563405134,46,0.6763392857142857,0.7998511904761905,0.7626488095238095,0.7782738095238095,0.8110119047619048,0.7946428571428571,0.8385416666666666,0.796875,0.7559115179252479,0.7475209763539283,0.77616170180887,0.04221317030626072,39
89,0.306481146812439,0.013201809542428533,0.192384672164917,0.013524705653943783,1291.5496650148827,1.0,"{'logistic_regression__C': 1291.5496650148827, 'logistic_regression__l1_ratio': 1.0}",-0.6233708624231612,-0.498732676823283,-0.5400700429350276,-0.5445853102523948,-0.46960666764308157,-0.5062420111815997,-0.4518517619320791,-0.48184850610472,-0.5169020527787074,-0.5621947803123666,-0.5195404672386421,0.04770896397576064,47,0.6763392857142857,0.7998511904761905,0.7626488095238095,0.7782738095238095,0.8110119047619048,0.7946428571428571,0.8385416666666666,0.796875,0.7559115179252479,0.7475209763539283,0.77616170180887,0.04221317030626072,39
80,0.2702747106552124,0.014874124129623426,0.1921915292739868,0.009933584039787354,1291.5496650148827,0.0,"{'logistic_regression__C': 1291.5496650148827, 'logistic_regression__l1_ratio': 0.0}",-0.6233524222088438,-0.4987035126961999,-0.5401067575687277,-0.5446762186098025,-0.46960675250328016,-0.5061943534426533,-0.4517944238153991,-0.4818504478531832,-0.516912858471802,-0.5622069634603576,-0.5195404710630249,0.04772292088027557,48,0.6763392857142857,0.7998511904761905,0.7626488095238095,0.7782738095238095,0.8110119047619048,0.7946428571428571,0.8385416666666666,0.796875,0.7559115179252479,0.7475209763539283,0.77616170180887,0.04221317030626072,39
87,0.3204421758651733,0.01270948312205946,0.18929500579833985,0.00919226390330595,1291.5496650148827,0.7777777777777777,"{'logistic_regression__C': 1291.5496650148827, 'logistic_regression__l1_ratio': 0.7777777777777777}",-0.6233523674571847,-0.4987033866919015,-0.5400716279677418,-0.5446773291458109,-0.4696063565362717,-0.5062533476706552,-0.4517832249776094,-0.48185285702030384,-0.5169057193025308,-0.5622125923507463,-0.5195418809120756,0.04772179782787486,49,0.6763392857142857,0.7998511904761905,0.7626488095238095,0.7782738095238095,0.8110119047619048,0.7946428571428571,0.8385416666666666,0.796875,0.7559115179252479,0.7475209763539283,0.77616170180887,0.04221317030626072,39
83,0.34517412185668944,0.019995642922416065,0.19109158515930175,0.01713653184887578,1291.5496650148827,0.3333333333333333,"{'logistic_regression__C': 1291.5496650148827, 'logistic_regression__l1_ratio': 0.3333333333333333}",-0.6233605066014558,-0.4987225584607227,-0.54013402758347,-0.5446386417551544,-0.46960337761618864,-0.5062438869354751,-0.45177213008228795,-0.48186484421090814,-0.5168966076129831,-0.5622265623065099,-0.5195463143165155,0.047725887539242375,50,0.6763392857142857,0.7998511904761905,0.7626488095238095,0.7782738095238095,0.8110119047619048,0.7946428571428571,0.8385416666666666,0.796875,0.7559115179252479,0.7475209763539283,0.77616170180887,0.04221317030626072,39
82,0.32203714847564696,0.018092397700642575,0.19148995876312255,0.015951166076280606,1291.5496650148827,0.2222222222222222,"{'logistic_regression__C': 1291.5496650148827, 'logistic_regression__l1_ratio': 0.2222222222222222}",-0.6233691535490519,-0.4987113416088792,-0.5400851409116273,-0.544623432552906,-0.46960524895288225,-0.5062507790177018,-0.45180475714970647,-0.48187103469844195,-0.5169229507765738,-0.562222748669161,-0.5195466587886931,0.04771935656034304,51,0.6763392857142857,0.7998511904761905,0.7626488095238095,0.7782738095238095,0.8110119047619048,0.7946428571428571,0.8385416666666666,0.796875,0.7559115179252479,0.7475209763539283,0.77616170180887,0.04221317030626072,39
86,0.324431037902832,0.014079111726956079,0.19377989768981935,0.01162951893824653,1291.5496650148827,0.6666666666666666,"{'logistic_regression__C': 1291.5496650148827, 'logistic_regression__l1_ratio': 0.6666666666666666}",-0.6233647539402674,-0.498711281991808,-0.5400960476656002,-0.544649988134253,-0.4696049516889964,-0.5062235884010466,-0.45182948666276096,-0.4818576507392039,-0.5169096129017146,-0.5622346025847522,-0.5195481964710403,0.047719737958825836,52,0.6763392857142857,0.7998511904761905,0.7626488095238095,0.7782738095238095,0.8110119047619048,0.7946428571428571,0.8385416666666666,0.796875,0.7559115179252479,0.7475209763539283,0.77616170180887,0.04221317030626072,39
94,0.3113661050796509,0.010629357845815104,0.18491044044494628,0.009144529556721532,10000.0,0.4444444444444444,"{'logistic_regression__C': 10000.0, 'logistic_regression__l1_ratio': 0.4444444444444444}",-0.6233939360907073,-0.49869214835389003,-0.5401274043534176,-0.5446188107498934,-0.4695996771709895,-0.5062428590850919,-0.4518114658008964,-0.4818414213023777,-0.5169475092804114,-0.5622342793732826,-0.5195509511560958,0.04773025163127107,53,0.6763392857142857,0.7998511904761905,0.7626488095238095,0.7782738095238095,0.8110119047619048,0.7946428571428571,0.8385416666666666,0.796875,0.7559115179252479,0.7475209763539283,0.77616170180887,0.04221317030626072,39
84,0.31724910736083983,0.013881881741162611,0.1905905485153198,0.016571908938602414,1291.5496650148827,0.4444444444444444,"{'logistic_regression__C': 1291.5496650148827, 'logistic_regression__l1_ratio': 0.4444444444444444}",-0.6233776130292666,-0.49873013522226567,-0.5401143601454589,-0.5446287295544844,-0.46960826654272037,-0.5062440876272776,-0.4518013210565848,-0.4818740295068048,-0.5169025188216585,-0.5622444080403143,-0.5195525469546836,0.04772408558220966,54,0.6763392857142857,0.7998511904761905,0.7626488095238095,0.7782738095238095,0.8110119047619048,0.7946428571428571,0.8385416666666666,0.796875,0.7559115179252479,0.7475209763539283,0.77616170180887,0.04221317030626072,39
97,0.3196449279785156,0.012600018002181761,0.18819665908813477,0.009494127778828342,10000.0,0.7777777777777777,"{'logistic_regression__C': 10000.0, 'logistic_regression__l1_ratio': 0.7777777777777777}",-0.6233852883047244,-0.49871212753481886,-0.5401398418418571,-0.5446852164772397,-0.46960126410491976,-0.5062558392527535,-0.45177518907159414,-0.4818418744499381,-0.5169226367708757,-0.5622165809093829,-0.5195535858718103,0.04773466603261322,55,0.6763392857142857,0.7998511904761905,0.7626488095238095,0.7782738095238095,0.8110119047619048,0.7946428571428571,0.8385416666666666,0.796875,0.7559115179252479,0.7475209763539283,0.77616170180887,0.04221317030626072,39
99,0.3155552387237549,0.01317865269988324,0.18849704265594483,0.009545809485448193,10000.0,1.0,"{'logistic_regression__C': 10000.0, 'logistic_regression__l1_ratio': 1.0}",-0.6233902786756264,-0.4987257204930094,-0.540104749867289,-0.5446509221181864,-0.46959736761897036,-0.5062361339399052,-0.45183166358853943,-0.48184787618870023,-0.5169375537426236,-0.5622377233916799,-0.519555998962453,0.0477261166523347,56,0.6763392857142857,0.7998511904761905,0.7626488095238095,0.7782738095238095,0.8110119047619048,0.7946428571428571,0.8385416666666666,0.796875,0.7559115179252479,0.7475209763539283,0.77616170180887,0.04221317030626072,39
90,0.28563432693481444,0.02139732406722152,0.19667494297027588,0.013982505529856889,10000.0,0.0,"{'logistic_regression__C': 10000.0, 'logistic_regression__l1_ratio': 0.0}",-0.6233981911722103,-0.4987456303867271,-0.5401197402979265,-0.5446620549636134,-0.46959679805947435,-0.506196405865282,-0.4518028035841035,-0.4818721183629502,-0.5169608409890453,-0.5622205289032834,-0.5195575112584617,0.047729887481053744,57,0.6763392857142857,0.7998511904761905,0.7626488095238095,0.7782738095238095,0.8110119047619048,0.7946428571428571,0.8385416666666666,0.796875,0.7559115179252479,0.7475209763539283,0.77616170180887,0.04221317030626072,39
81,0.3165499210357666,0.015297014444493896,0.18500745296478271,0.010817151090328738,1291.5496650148827,0.1111111111111111,"{'logistic_regression__C': 1291.5496650148827, 'logistic_regression__l1_ratio': 0.1111111111111111}",-0.6233432473527694,-0.498702339087172,-0.5400820846301471,-0.5447131415672548,-0.46960421951303283,-0.5062465044824062,-0.45184012816013547,-0.481867658774779,-0.5169597306231533,-0.5622218312730827,-0.5195580885463932,0.04771389414623764,58,0.6763392857142857,0.7998511904761905,0.7626488095238095,0.7782738095238095,0.8110119047619048,0.7946428571428571,0.8385416666666666,0.796875,0.7559115179252479,0.7475209763539283,0.77616170180887,0.04221317030626072,39
93,0.3222402572631836,0.013906562243967,0.18939335346221925,0.008777514868191751,10000.0,0.3333333333333333,"{'logistic_regression__C': 10000.0, 'logistic_regression__l1_ratio': 0.3333333333333333}",-0.6233884152012283,-0.498715253288794,-0.540117138873101,-0.5447226525538287,-0.4696017635444501,-0.506234537584515,-0.45180894388782794,-0.48183805091853615,-0.5169259422711676,-0.5622311083280799,-0.5195583806451528,0.04773353581691019,59,0.6763392857142857,0.7998511904761905,0.7626488095238095,0.7782738095238095,0.8110119047619048,0.7946428571428571,0.8385416666666666,0.796875,0.7559115179252479,0.7475209763539283,0.77616170180887,0.04221317030626072,39
96,0.3214376211166382,0.0099725200665535,0.19298839569091797,0.009894670849014884,10000.0,0.6666666666666666,"{'logistic_regression__C': 10000.0, 'logistic_regression__l1_ratio': 0.6666666666666666}",-0.6233836668121361,-0.4987080973929924,-0.5401494590735678,-0.5446442197549273,-0.4696025830390319,-0.5062881530279408,-0.4517865454828483,-0.48186655910422027,-0.516931471305685,-0.5622383721423668,-0.5195599127135717,0.047730047355164056,60,0.6763392857142857,0.7998511904761905,0.7626488095238095,0.7782738095238095,0.8110119047619048,0.7946428571428571,0.8385416666666666,0.796875,0.7559115179252479,0.7475209763539283,0.77616170180887,0.04221317030626072,39
98,0.3191444158554077,0.0168961266741935,0.1831127643585205,0.0071519329006657995,10000.0,0.8888888888888888,"{'logistic_regression__C': 10000.0, 'logistic_regression__l1_ratio': 0.8888888888888888}",-0.6233788617928434,-0.4987289224898454,-0.540148887733429,-0.5447255179280244,-0.46960544329332254,-0.5062776390473825,-0.4517795765180804,-0.48186953200208055,-0.5169473262749544,-0.5621898611951781,-0.5195651568275141,0.04772867308232324,61,0.6763392857142857,0.7998511904761905,0.7626488095238095,0.7782738095238095,0.8110119047619048,0.7946428571428571,0.8385416666666666,0.796875,0.7559115179252479,0.7475209763539283,0.77616170180887,0.04221317030626072,39
91,0.3295186996459961,0.020962400233103116,0.1954820156097412,0.018170640044748616,10000.0,0.1111111111111111,"{'logistic_regression__C': 10000.0, 'logistic_regression__l1_ratio': 0.1111111111111111}",-0.6233822207966342,-0.4987073172551389,-0.5401129042217541,-0.5446866514169029,-0.46959996315210245,-0.5062410402541514,-0.4518946674176229,-0.4818636716454531,-0.5169374889202113,-0.562227912702651,-0.5195653837782622,0.04771592691811022,62,0.6763392857142857,0.7998511904761905,0.7626488095238095,0.7782738095238095,0.8110119047619048,0.7946428571428571,0.8385416666666667,0.796875,0.7559115179252479,0.7475209763539283,0.77616170180887,0.04221317030626073,39
92,0.32333323955535886,0.013394350110295057,0.18670237064361572,0.009961256458637078,10000.0,0.2222222222222222,"{'logistic_regression__C': 10000.0, 'logistic_regression__l1_ratio': 0.2222222222222222}",-0.6233959064912161,-0.49870269065486805,-0.5401505558426649,-0.5446906898972766,-0.46960577077374116,-0.5062453096483993,-0.4518326492810349,-0.48187953046773757,-0.516961097028108,-0.562226343001616,-0.5195690543086664,0.047727490519519224,63,0.6763392857142857,0.7998511904761905,0.7626488095238095,0.7782738095238095,0.8110119047619048,0.7946428571428571,0.8385416666666666,0.796875,0.7559115179252479,0.7475209763539283,0.77616170180887,0.04221317030626072,39
95,0.3219387769699097,0.00671680159277689,0.1853046417236328,0.006906714296600323,10000.0,0.5555555555555556,"{'logistic_regression__C': 10000.0, 'logistic_regression__l1_ratio': 0.5555555555555556}",-0.6233843478692743,-0.49872171324252557,-0.5401454873811206,-0.5447554158043582,-0.46960226815345657,-0.5062619874953318,-0.4517986739226384,-0.48186423361665015,-0.5169175674162405,-0.5622469341750502,-0.5195698629076646,0.04773535034228928,64,0.6763392857142857,0.7998511904761905,0.7626488095238095,0.7782738095238095,0.8110119047619048,0.7946428571428571,0.8385416666666666,0.796875,0.7559115179252479,0.7475209763539283,0.77616170180887,0.04221317030626072,39
34,0.21592292785644532,0.010484133272556411,0.19697277545928954,0.010365767934801552,0.046415888336127774,0.4444444444444444,"{'logistic_regression__C': 0.046415888336127774, 'logistic_regression__l1_ratio': 0.4444444444444444}",-0.5487137172055464,-0.5181154084181444,-0.5188266797372145,-0.5208385732692249,-0.552092154824683,-0.5189597924754024,-0.484734002662124,-0.5146107762801382,-0.5249510613885799,-0.5298450747858954,-0.5231687241046954,0.017761931883039785,65,0.7194940476190477,0.7686011904761905,0.7544642857142857,0.7819940476190476,0.7023809523809523,0.787202380952381,0.8400297619047619,0.7924107142857143,0.7444698703279939,0.7376048817696416,0.7628652133050017,0.03795374561702017,65
35,0.2110353708267212,0.006003361608246208,0.19926719665527343,0.00914975357100673,0.046415888336127774,0.5555555555555556,"{'logistic_regression__C': 0.046415888336127774, 'logistic_regression__l1_ratio': 0.5555555555555556}",-0.5501912585221932,-0.5225718505168835,-0.5253899104989277,-0.5255694512793818,-0.5621754010007434,-0.5247758018092431,-0.4967883684811298,-0.5228850504741211,-0.5333968936826783,-0.5284485666092354,-0.5292192552874537,0.016515994892887634,66,0.7090773809523809,0.7723214285714286,0.7492559523809524,0.7827380952380952,0.6808035714285714,0.7805059523809523,0.828125,0.7760416666666666,0.7383676582761252,0.744469870327994,0.7561706576223167,0.0394091484919468,67
36,0.20056161880493165,0.009787163643031581,0.1972726821899414,0.007473572968847304,0.046415888336127774,0.6666666666666666,"{'logistic_regression__C': 0.046415888336127774, 'logistic_regression__l1_ratio': 0.6666666666666666}",-0.551938685525814,-0.5271542312749087,-0.5325972058093642,-0.5287511061675536,-0.571065362954039,-0.5314828495280857,-0.5052159991276525,-0.5315815577721009,-0.5397911137375667,-0.5300986269385942,-0.5349676738835679,0.016285325403304837,67,0.7157738095238095,0.7671130952380952,0.7395833333333334,0.7834821428571428,0.6674107142857143,0.7730654761904762,0.8095238095238095,0.7641369047619048,0.7242562929061785,0.7353165522501908,0.7479662130870656,0.038244963670705755,68
37,0.19936490058898926,0.006529094361031151,0.19158694744110108,0.007280467765838241,0.046415888336127774,0.7777777777777777,"{'logistic_regression__C': 0.046415888336127774, 'logistic_regression__l1_ratio': 0.7777777777777777}",-0.5518859412332932,-0.5306891761260843,-0.5400346151024737,-0.5312718546174457,-0.5771416126093245,-0.534596644815809,-0.5095711427819166,-0.536963304853155,-0.5409854552888357,-0.5293683823932549,-0.5382508129821593,0.016526908744669264,68,0.7135416666666666,0.7723214285714286,0.728422619047619,0.7805059523809523,0.6525297619047619,0.7671130952380952,0.8080357142857143,0.7581845238095238,0.7273073989321128,0.7433257055682685,0.7451287866405143,0.04095644247418298,69
38,0.20285770893096924,0.011143082876936132,0.1971733331680298,0.008965885786808878,0.046415888336127774,0.8888888888888888,"{'logistic_regression__C': 0.046415888336127774, 'logistic_regression__l1_ratio': 0.8888888888888888}",-0.5511111215502335,-0.5353149120006768,-0.5462837819027646,-0.5338938802428814,-0.5793462598803304,-0.5366436624439348,-0.5145286063158077,-0.5419967965303588,-0.5425311366562436,-0.5299992835697415,-0.5411649441092974,0.01589716949720272,69,0.712797619047619,0.7704613095238095,0.7254464285714286,0.7819940476190477,0.6409970238095238,0.7641369047619048,0.8028273809523809,0.75,0.7265446224256293,0.7532418001525554,0.7428447136863898,0.042837011035911185,71
39,0.21093742847442626,0.015399383956937957,0.20116119384765624,0.018969822611220034,0.046415888336127774,1.0,"{'logistic_regression__C': 0.046415888336127774, 'logistic_regression__l1_ratio': 1.0}",-0.5519968059354369,-0.5395841594131899,-0.5516972033043963,-0.5346432645490206,-0.5787626190892937,-0.5386932763164908,-0.5189738725929278,-0.5456092510667233,-0.5433389635782487,-0.5315085113588978,-0.5434807927204626,0.014998400681698063,70,0.7220982142857142,0.7671130952380953,0.7198660714285714,0.7849702380952381,0.6447172619047619,0.7671130952380952,0.7961309523809523,0.7518601190476191,0.7307398932112892,0.7570556826849734,0.744166462351531,0.04097756631971427,70
20,0.24893388748168946,0.059097443227860424,0.2357703447341919,0.05600755060045133,0.005994842503189409,0.0,"{'logistic_regression__C': 0.005994842503189409, 'logistic_regression__l1_ratio': 0.0}",-0.5715901755853471,-0.5511543920992408,-0.5430545490033956,-0.5650966523147595,-0.5562627997412886,-0.5560663284982585,-0.5215990955403984,-0.5429515446885531,-0.543217732129427,-0.5484997728721874,-0.5499493042472856,0.01313071110162287,71,0.6867559523809523,0.769345238095238,0.7760416666666667,0.7150297619047619,0.7418154761904762,0.7671130952380952,0.8482142857142857,0.7916666666666666,0.7688787185354691,0.7559115179252479,0.762077237931786,0.04117024476077932,66
21,0.2028597116470337,0.008461286781083113,0.2035536289215088,0.015499316815411406,0.005994842503189409,0.1111111111111111,"{'logistic_regression__C': 0.005994842503189409, 'logistic_regression__l1_ratio': 0.1111111111111111}",-0.5835708612064442,-0.5729469423859638,-0.5764607852559369,-0.5850775665553695,-0.5882847424592751,-0.582104233326932,-0.564583988216949,-0.5759900740712627,-0.5734323999967481,-0.5693012393353147,-0.5771752832810195,0.007109210079110567,72,0.6971726190476191,0.7693452380952381,0.7113095238095238,0.6822916666666667,0.6592261904761905,0.7232142857142857,0.8147321428571428,0.7522321428571428,0.6926010678871091,0.7391304347826088,0.7241255312193527,0.0437228053087339,74
22,0.22359952926635743,0.02823581169000647,0.20485377311706543,0.01798609926160153,0.005994842503189409,0.2222222222222222,"{'logistic_regression__C': 0.005994842503189409, 'logistic_regression__l1_ratio': 0.2222222222222222}",-0.5959900074884988,-0.5936623176487508,-0.5966858080606956,-0.5983593894676288,-0.599659508308749,-0.5967897458266084,-0.589235445864986,-0.5949259397136929,-0.5873991648522837,-0.5864896450612856,-0.5939196972293179,0.004399716215618383,73,0.700892857142857,0.7351190476190477,0.6770833333333334,0.6577380952380952,0.6369047619047619,0.6711309523809524,0.7946428571428571,0.7116815476190477,0.6662852784134249,0.6807780320366132,0.6932256762830991,0.043012554834907145,75
10,0.23228001594543457,0.026118711024063518,0.23038573265075685,0.012827030715762064,0.000774263682681127,0.0,"{'logistic_regression__C': 0.000774263682681127, 'logistic_regression__l1_ratio': 0.0}",-0.6006524037958673,-0.595786863167279,-0.5947184000376715,-0.6005306756242221,-0.5977596788982924,-0.5982789533744036,-0.5892700640420149,-0.5949382967084406,-0.586816667851472,-0.5869802744427244,-0.5945732277942387,0.004938637543470315,74,0.6763392857142858,0.7633928571428571,0.759672619047619,0.6681547619047619,0.703125,0.7269345238095238,0.8333333333333334,0.7574404761904763,0.7254004576659039,0.7505720823798627,0.7364365397188625,0.04570814935023344,72
23,0.21033787727355957,0.0159979139283711,0.21183562278747559,0.01894352514411877,0.005994842503189409,0.3333333333333333,"{'logistic_regression__C': 0.005994842503189409, 'logistic_regression__l1_ratio': 0.3333333333333333}",-0.6076588188964976,-0.6074932938098245,-0.6076296789999905,-0.6081234033190481,-0.6080205561392749,-0.6081280740682761,-0.6086386978165926,-0.6075762770835796,-0.5975940849853962,-0.5976282793753568,-0.6058491164493838,0.004131857678902844,75,0.6235119047619047,0.6763392857142857,0.6041666666666667,0.5729166666666666,0.5926339285714285,0.5718005952380953,0.7310267857142857,0.6450892857142857,0.580091533180778,0.585812356979405,0.6183389009207801,0.049412928832709486,76
0,0.22629404067993164,0.01344340793723631,0.24674313068389891,0.014083927803473123,0.0001,0.0,"{'logistic_regression__C': 0.0001, 'logistic_regression__l1_ratio': 0.0}",-0.6093401635691469,-0.608620300094165,-0.6085061475958009,-0.6093445982355569,-0.6089321076379357,-0.6090313922048157,-0.6076957877753614,-0.6085441587499691,-0.5982240850196882,-0.5982194586355851,-0.6066458199518026,0.004236220671875834,76,0.6741071428571428,0.7611607142857143,0.7566964285714286,0.6607142857142858,0.6956845238095238,0.7232142857142857,0.828125,0.7529761904761905,0.715484363081617,0.7459954233409611,0.7314158357851149,0.046297668676275924,73
27,0.18679986000061036,0.00985209300838408,0.19428067207336425,0.00413049700880471,0.005994842503189409,0.7777777777777777,"{'logistic_regression__C': 0.005994842503189409, 'logistic_regression__l1_ratio': 0.7777777777777777}",-0.6108655699300363,-0.6108693146071374,-0.6108648838917379,-0.6108750302520785,-0.6108914611204451,-0.6110135914292687,-0.6108685307833742,-0.6108815136712207,-0.6001175983607239,-0.5998996081697138,-0.6087147102215735,0.004353529407356553,77,0.5,0.5,0.5,0.5,0.5,0.5,0.5,0.5,0.5,0.5,0.5,0.0,77
26,0.19138872623443604,0.013951917981761052,0.2044539213180542,0.015495884854807873,0.005994842503189409,0.6666666666666666,"{'logistic_regression__C': 0.005994842503189409, 'logistic_regression__l1_ratio': 0.6666666666666666}",-0.6109827525260639,-0.6108815988761213,-0.6108703608486524,-0.6108691644397132,-0.6108898812058641,-0.6109081873743725,-0.6109359324100035,-0.6109011135846357,-0.6002210903796,-0.6000197359036404,-0.6087479817548668,0.004314138499255561,78,0.5,0.5,0.5,0.5,0.5,0.5,0.5,0.5,0.5,0.5,0.5,0.0,77
24,0.1892927885055542,0.006490428821871577,0.19966740608215333,0.005440171054392769,0.005994842503189409,0.4444444444444444,"{'logistic_regression__C': 0.005994842503189409, 'logistic_regression__l1_ratio': 0.4444444444444444}",-0.6109017999388424,-0.6109073042086471,-0.6108882144792317,-0.6108977031457382,-0.6108823108258606,-0.6108853875702696,-0.6108721047988436,-0.6109110517255317,-0.6002444638905737,-0.6001060353605203,-0.6087496375944059,0.004287320435211866,79,0.5,0.5,0.5,0.5,0.5,0.5,0.5,0.5,0.5,0.5,0.5,0.0,77
25,0.19338157176971435,0.016177525560589216,0.20136146545410155,0.009957229155536498,0.005994842503189409,0.5555555555555556,"{'logistic_regression__C': 0.005994842503189409, 'logistic_regression__l1_ratio': 0.5555555555555556}",-0.6109298392350737,-0.6108776882435275,-0.6109422111395301,-0.6109171895587663,-0.6109715931586689,-0.6108645271227795,-0.6109296693202549,-0.6108652446578622,-0.6001725954531232,-0.6002012049378949,-0.6087671762827481,0.0042902679586241796,80,0.5,0.5,0.5,0.5,0.5,0.5,0.5,0.5,0.5,0.5,0.5,0.0,77
28,0.19208455085754395,0.013537963839859725,0.20156412124633788,0.00795995173039377,0.005994842503189409,0.8888888888888888,"{'logistic_regression__C': 0.005994842503189409, 'logistic_regression__l1_ratio': 0.8888888888888888}",-0.6109078046276482,-0.6111409324804686,-0.6108991409816378,-0.6109994381298569,-0.6114809533238306,-0.610922678412044,-0.6108928997116199,-0.6109016091910023,-0.5999060479591686,-0.6001698510929249,-0.6088221355910203,0.004395838306323707,81,0.5,0.5,0.5,0.5,0.5,0.5,0.5,0.5,0.5,0.5,0.5,0.0,77
11,0.2110356330871582,0.011285869625608392,0.21971330642700196,0.009587631289636253,0.000774263682681127,0.1111111111111111,"{'logistic_regression__C': 0.000774263682681127, 'logistic_regression__l1_ratio': 0.1111111111111111}",-0.611386614316466,-0.6110264814144104,-0.6108647213013103,-0.6121502104213437,-0.6108890544088891,-0.6108676544203921,-0.6108894947133328,-0.6109308617044229,-0.6000158842902058,-0.6001824150186387,-0.6089203392009411,0.004426729316293461,82,0.5,0.5,0.5,0.5,0.5,0.5,0.5,0.5,0.5,0.5,0.5,0.0,77
16,0.19937150478363036,0.017393187317724226,0.23995578289031982,0.02333052347369857,0.000774263682681127,0.6666666666666666,"{'logistic_regression__C': 0.000774263682681127, 'logistic_regression__l1_ratio': 0.6666666666666666}",-0.6119577896363225,-0.610878559889458,-0.6110234456391824,-0.610878497629051,-0.6109049474739745,-0.6111140700815854,-0.6108648479313745,-0.6124983823395524,-0.6001499738138393,-0.5999039040066285,-0.6090174418440968,0.004525195355059258,83,0.5,0.5,0.5,0.5,0.5,0.5,0.5,0.5,0.5,0.5,0.5,0.0,77
14,0.20265257358551025,0.019958932406842888,0.22699398994445802,0.029408217472236695,0.000774263682681127,0.4444444444444444,"{'logistic_regression__C': 0.000774263682681127, 'logistic_regression__l1_ratio': 0.4444444444444444}",-0.610877096633699,-0.6112606607731184,-0.6126206846422703,-0.610888335080457,-0.6110093776846834,-0.6108643021387596,-0.6109605605988373,-0.6115883561870695,-0.6006752672031718,-0.5999248200757811,-0.6090669461017847,0.004415666442400861,84,0.5,0.5,0.5,0.5,0.5,0.5,0.5,0.5,0.5,0.5,0.5,0.0,77
12,0.19627373218536376,0.016729113638289515,0.23567023277282714,0.024607875265794103,0.000774263682681127,0.2222222222222222,"{'logistic_regression__C': 0.000774263682681127, 'logistic_regression__l1_ratio': 0.2222222222222222}",-0.6116862909714322,-0.6108653773502091,-0.6110193811122618,-0.6110113859552844,-0.6127896922833133,-0.6110447586814953,-0.6114714660185971,-0.6108952049364963,-0.6000387085829109,-0.5999327160103534,-0.6090754981902353,0.004577395549035617,85,0.5,0.5,0.5,0.5,0.5,0.5,0.5,0.5,0.5,0.5,0.5,0.0,77
18,0.21462388038635255,0.04105098953219055,0.2383674144744873,0.036035670139121886,0.000774263682681127,0.8888888888888888,"{'logistic_regression__C': 0.000774263682681127, 'logistic_regression__l1_ratio': 0.8888888888888888}",-0.6115815426652544,-0.6122397977772358,-0.6108689312655546,-0.6112003397872663,-0.6108967652849051,-0.6108880850611366,-0.6111843043142345,-0.6121714391560898,-0.5999752704109609,-0.6001508579913635,-0.6091157333714001,0.004550889617849624,86,0.5,0.5,0.5,0.5,0.5,0.5,0.5,0.5,0.5,0.5,0.5,0.0,77
1,0.2014608144760132,0.014334970952545373,0.23178231716156006,0.012496262405270376,0.0001,0.1111111111111111,"{'logistic_regression__C': 0.0001, 'logistic_regression__l1_ratio': 0.1111111111111111}",-0.6116185949224675,-0.6118422100945489,-0.6108664385254563,-0.6112964053494545,-0.611721250604328,-0.6112511080285927,-0.6113328017805635,-0.6113189705322597,-0.5999282049393517,-0.6001308164637975,-0.6091306801240821,0.004558219584943499,87,0.5,0.5,0.5,0.5,0.5,0.5,0.5,0.5,0.5,0.5,0.5,0.0,77
13,0.19288437366485595,0.021297888782725042,0.23258161544799805,0.0222702426686855,0.000774263682681127,0.3333333333333333,"{'logistic_regression__C': 0.000774263682681127, 'logistic_regression__l1_ratio': 0.3333333333333333}",-0.6109276341904611,-0.6111244224546188,-0.6110612582569092,-0.6134709754066975,-0.610867352329199,-0.6108751226157795,-0.6116074380466916,-0.6110183646848466,-0.600894864637206,-0.5999107940490289,-0.6091758226671437,0.004453545977155769,88,0.5,0.5,0.5,0.5,0.5,0.5,0.5,0.5,0.5,0.5,0.5,0.0,77
6,0.22549450397491455,0.01872026990126904,0.2068505048751831,0.015311738541358885,0.0001,0.6666666666666666,"{'logistic_regression__C': 0.0001, 'logistic_regression__l1_ratio': 0.6666666666666666}",-0.61135428598264,-0.6108730507165321,-0.6130048209524811,-0.6108726527372709,-0.6112425170208351,-0.6110463810941908,-0.6110529122347952,-0.6123696304802317,-0.6001677637715058,-0.6000872349703157,-0.6092071249960798,0.004586922569973788,89,0.5,0.5,0.5,0.5,0.5,0.5,0.5,0.5,0.5,0.5,0.5,0.0,77
3,0.20624978542327882,0.016518232343068692,0.24035675525665284,0.01624379340102202,0.0001,0.3333333333333333,"{'logistic_regression__C': 0.0001, 'logistic_regression__l1_ratio': 0.3333333333333333}",-0.6115904041939169,-0.6114188996910647,-0.6110498343088179,-0.6110278561505941,-0.6122138383425835,-0.611904122366753,-0.6108730462613424,-0.61225737057619,-0.5999691813960011,-0.6006434649773114,-0.6092948018264575,0.004519679423592162,90,0.5,0.5,0.5,0.5,0.5,0.5,0.5,0.5,0.5,0.5,0.5,0.0,77
15,0.20225889682769777,0.010978074526510182,0.22639482021331786,0.027211186226815055,0.000774263682681127,0.5555555555555556,"{'logistic_regression__C': 0.000774263682681127, 'logistic_regression__l1_ratio': 0.5555555555555556}",-0.6111986069543484,-0.6122785964400065,-0.6120497698435724,-0.6108911942828386,-0.6128413353220097,-0.610878268666025,-0.61155979802982,-0.6113890696734784,-0.5999191209144896,-0.6002039570999453,-0.6093209717226534,0.0046669824979772845,91,0.5,0.5,0.5,0.5,0.5,0.5,0.5,0.5,0.5,0.5,0.5,0.0,77
5,0.18480370044708253,0.015368313315014438,0.2455460786819458,0.02175294561003976,0.0001,0.5555555555555556,"{'logistic_regression__C': 0.0001, 'logistic_regression__l1_ratio': 0.5555555555555556}",-0.6110914972697119,-0.611267561917759,-0.6129656529192788,-0.6117296202172909,-0.6109172552799954,-0.6126142843972013,-0.6109277734973502,-0.6117743371398937,-0.5999223148317687,-0.6000587539160755,-0.6093269051386325,0.004713037068308405,92,0.5,0.5,0.5,0.5,0.5,0.5,0.5,0.5,0.5,0.5,0.5,0.0,77
17,0.2218062162399292,0.016187709981444615,0.22579784393310548,0.0289261185110912,0.000774263682681127,0.7777777777777777,"{'logistic_regression__C': 0.000774263682681127, 'logistic_regression__l1_ratio': 0.7777777777777777}",-0.6109907512709609,-0.6110437860592575,-0.6109141220521379,-0.6111280569114648,-0.6157531101538083,-0.6119785491976037,-0.6108806597694143,-0.6108958837341715,-0.6001104622711445,-0.5999658578982884,-0.6093661239318252,0.004870721580152963,93,0.5,0.5,0.5,0.5,0.5,0.5,0.5,0.5,0.5,0.5,0.5,0.0,77
8,0.19996242523193358,0.02553282268297584,0.22888834476470948,0.019350158875079924,0.0001,0.8888888888888888,"{'logistic_regression__C': 0.0001, 'logistic_regression__l1_ratio': 0.8888888888888888}",-0.6109439327873671,-0.6125516640349131,-0.6108644237811239,-0.6117388854617747,-0.6118892843043164,-0.6117900095467925,-0.6112373702148501,-0.6126293811219033,-0.6004267677108654,-0.5999461154544834,-0.6094017834418389,0.004642628021728327,94,0.5,0.5,0.5,0.5,0.5,0.5,0.5,0.5,0.5,0.5,0.5,0.0,77
4,0.2170187473297119,0.017611647151661095,0.2208101272583008,0.025093708633807037,0.0001,0.4444444444444444,"{'logistic_regression__C': 0.0001, 'logistic_regression__l1_ratio': 0.4444444444444444}",-0.6109129375346735,-0.6111557910555288,-0.6109707268811563,-0.6118759446855263,-0.610881278398473,-0.6154017913184602,-0.6109289814739948,-0.6122222820269501,-0.5999205583594189,-0.6003758353983943,-0.6094646127132576,0.0048346832853246174,95,0.5,0.5,0.5,0.5,0.5,0.5,0.5,0.5,0.5,0.5,0.5,0.0,77
9,0.20355424880981446,0.017663789910775926,0.2534214496612549,0.024504169348147177,0.0001,1.0,"{'logistic_regression__C': 0.0001, 'logistic_regression__l1_ratio': 1.0}",-0.6145097993126224,-0.6133213055179306,-0.610864490198989,-0.6110087859661798,-0.6112630320033309,-0.611133431446609,-0.6114288603815605,-0.6113039797074364,-0.6008393244376713,-0.5999096539847949,-0.6095582662957124,0.004727981040317853,96,0.5,0.5,0.5,0.5,0.5,0.5,0.5,0.5,0.5,0.5,0.5,0.0,77
29,0.190789532661438,0.011239501943023861,0.21123595237731935,0.01868285903708958,0.005994842503189409,1.0,"{'logistic_regression__C': 0.005994842503189409, 'logistic_regression__l1_ratio': 1.0}",-0.6109329764570044,-0.6108847856502115,-0.6111389650340371,-0.6108824765774981,-0.6109005378180171,-0.6109100214587379,-0.619480274437801,-0.6108671696901704,-0.6000654533152062,-0.6002378821435567,-0.609630054258224,0.005372351025726135,97,0.5,0.5,0.5,0.5,0.5,0.5,0.5,0.5,0.5,0.5,0.5,0.0,77
2,0.21153407096862792,0.023292696092032005,0.24644153118133544,0.023615695908631735,0.0001,0.2222222222222222,"{'logistic_regression__C': 0.0001, 'logistic_regression__l1_ratio': 0.2222222222222222}",-0.6121916366347548,-0.6118849944410182,-0.610994350509334,-0.6108861673797822,-0.6118745241390492,-0.6151937704457046,-0.6109048636531019,-0.6117614934782832,-0.5999031181742576,-0.6019217258667184,-0.6097516644722004,0.004594889124548517,98,0.5,0.5,0.5,0.5,0.5,0.5,0.5,0.5,0.5,0.5,0.5,0.0,77
19,0.3681049108505249,0.15225362756296462,0.3988224267959595,0.14758901754195347,0.000774263682681127,1.0,"{'logistic_regression__C': 0.000774263682681127, 'logistic_regression__l1_ratio': 1.0}",-0.6186480651451972,-0.611527384999292,-0.6120111025251695,-0.6109523571850706,-0.6122782028655728,-0.6109123317087557,-0.6111132075300432,-0.6108767176663461,-0.5999660515561617,-0.600033383818785,-0.6098318805000394,0.00538363068380309,99,0.5,0.5,0.5,0.5,0.5,0.5,0.5,0.5,0.5,0.5,0.5,0.0,77
7,0.20904021263122557,0.011205775822920478,0.22310223579406738,0.013454443710295586,0.0001,0.7777777777777777,"{'logistic_regression__C': 0.0001, 'logistic_regression__l1_ratio': 0.7777777777777777}",-0.6110858931991207,-0.6109202320437155,-0.6128600535753618,-0.6143887554412897,-0.6118644254076274,-0.615147578356436,-0.6108743607155791,-0.6108685963587042,-0.6026892051336568,-0.599942772946832,-0.6100641873178323,0.00464234876568041,100,0.5,0.5,0.5,0.5,0.5,0.5,0.5,0.5,0.5,0.5,0.5,0.0,77
